,Date,Close,High,Low,Open,Volume,Return,PDM,MDM,TR,ATR,SMA+DM,SMA-DM,PDI,MDI,DX,ADX,MARKET_STATE,20,50,SMA_SIGNAL,SMA_CROSSOVER,GAIN,LOSS,AVERAGE_GAIN,AVERAGE_LOSS,RS,RSI,RSI_SIGNAL,RSI_CROSSOVER,FINAL_STRATEGY
0,2024-10-01,60837.0078125,64110.98046875,60189.27734375,63335.60546875,50220923500,,0.0,0.0,3921.703125,,,,,,,,sideways,,,0,,,,,,,,0,0.0,0.0
1,2024-10-02,60632.78515625,62357.6875,59996.94921875,60836.32421875,40762722398,-0.335688199655404,0.0,192.328125,2360.73828125,,,,,,,,sideways,,,0,0.0,0.0,33.5688199655404,,,,,0,0.0,0.0
2,2024-10-03,60759.40234375,61469.0390625,59878.8046875,60632.484375,36106447279,0.20882627636797935,0.0,118.14453125,1590.234375,,,,,,,,sideways,,,0,0.0,20.882627636797935,0.0,,,,,0,0.0,0.0
3,2024-10-04,62067.4765625,62465.9921875,60459.94140625,60754.625,29585472513,2.1528753876634443,996.953125,0.0,2006.05078125,,,,,,,,sideways,,,0,0.0,215.28753876634443,0.0,,,,,0,0.0,0.0
4,2024-10-05,62089.94921875,62371.0234375,61689.58203125,62067.609375,13305410749,0.03620681473552878,0.0,0.0,681.44140625,,,,,,,,sideways,,,0,0.0,3.620681473552878,0.0,,,,,0,0.0,0.0
5,2024-10-06,62818.953125,62959.5703125,61833.1484375,62084.98828125,14776233667,1.1741093613744757,588.546875,0.0,1126.421875,,,,,,,,sideways,,,0,0.0,117.41093613744758,0.0,,,,,0,0.0,0.0
6,2024-10-07,62236.66015625,64443.70703125,62152.55078125,62819.109375,34253562610,-0.9269383518558882,1484.13671875,0.0,2291.15625,,,,,,,,sideways,,,0,0.0,0.0,92.69383518558882,,,,,0,0.0,0.0
7,2024-10-08,62131.96875,63174.3046875,61843.5625,62221.64453125,28134475157,-0.1682150134457161,0.0,308.98828125,1330.7421875,,,,,,,,sideways,,,0,0.0,0.0,16.821501344571608,,,,,0,0.0,0.0
8,2024-10-09,60582.1015625,62508.8359375,60314.61328125,62131.7265625,27670982363,-2.4944762232405493,0.0,1528.94921875,2194.22265625,,,,,,,,sideways,,,0,0.0,0.0,249.44762232405492,,,,,0,0.0,0.0
9,2024-10-10,60274.5,61236.72265625,58895.20703125,60581.9296875,30452813570,-0.5077433013489285,0.0,1419.40625,2341.515625,,,,,,,,sideways,,,0,0.0,0.0,50.77433013489285,,,,,0,0.0,0.0
10,2024-10-11,62445.08984375,63400.87109375,60046.125,60275.4609375,30327141594,3.6011743668549645,2164.1484375,0.0,3354.74609375,,,,,,,,sideways,,,0,0.0,360.11743668549644,0.0,,,,,0,0.0,0.0
11,2024-10-12,63193.0234375,63448.78515625,62443.26953125,62444.6171875,16744110886,1.1977460447594401,47.9140625,0.0,1005.515625,,,,,,,,sideways,,,0,0.0,119.77460447594402,0.0,,,,,0,0.0,0.0
12,2024-10-13,62851.375,63272.65234375,62035.63671875,63192.9453125,18177529690,-0.5406426515387475,0.0,407.6328125,1237.015625,,,,,,,,sideways,,,0,0.0,0.0,54.06426515387474,,,,,0,0.0,0.0
13,2024-10-14,66046.125,66482.4921875,62442.15234375,62848.3984375,43706958056,5.0830232433260125,3209.83984375,0.0,4040.33984375,2105.8459821428573,606.5385044642857,283.96065848214283,28.802605205110343,13.484398236626566,36.22438508699067,,sideways,,,0,0.0,508.30232433260124,0.0,,,,,0,0.0,0.0
14,2024-10-15,67041.109375,67881.6796875,64809.1953125,66050.3671875,48863870879,1.5064992457922477,1399.1875,0.0,3072.484375,2045.1875,706.48046875,283.96065848214283,34.54355499190172,13.884333758256535,42.659760247296916,,sideways,,,0,0.0,150.64992457922477,0.0,106.86043386338638,35.52645529346595,3.007911512158102,75.04934934400437,-1,-1.0,-1.0
15,2024-10-16,67612.71875,68375.2890625,66758.7265625,67042.4609375,38195189534,0.8526251733136592,493.609375,0.0,1616.5625,1992.0320870535713,741.73828125,270.22293526785717,37.2352577084795,13.565189889463367,46.59421115016836,,sideways,,,0,0.0,85.26251733136591,0.0,112.95061367276966,33.128682438784494,3.409450825020914,77.321438889269,-1,0.0,0.0
16,2024-10-17,67399.8359375,67912.2109375,66647.390625,67617.078125,32790898511,-0.31485616380424464,0.0,111.3359375,1264.8203125,1968.7882254464287,741.73828125,269.73660714285717,37.67486373918194,13.700641016465525,46.66469524093784,,sideways,,,0,0.0,0.0,31.485616380424464,111.45899741299839,35.37765503738624,3.1505479177523563,75.90679544445473,-1,0.0,0.0
17,2024-10-18,68418.7890625,68969.75,67177.8203125,67419.109375,36857165014,1.5118035686984221,1057.5390625,0.0,1791.9296875,1953.493861607143,746.0658482142857,269.73660714285717,38.19135871768217,13.807906563931786,46.891916687084326,,sideways,,,0,0.0,151.18035686984223,0.0,106.87991299181965,35.37765503738624,3.0211135497497383,75.13126680886103,-1,0.0,0.0
18,2024-10-19,68362.734375,68668.0078125,68024.640625,68418.9765625,14443497908,-0.08192879217548965,0.0,0.0,643.3671875,1950.7742745535713,746.0658482142857,269.73660714285717,38.24460153828,13.827156255922308,46.89191668708434,,sideways,,,0,0.0,0.0,8.192879217548965,106.62129288656585,35.962860695782595,2.9647611681533848,74.77779978192842,-1,0.0,0.0
19,2024-10-20,69001.703125,69359.0078125,68105.71875,68364.1796875,18975847518,0.9346740674458287,691.0,0.0,1253.2890625,1959.836216517857,753.3839285714286,269.73660714285717,38.441167798705386,13.763221889128685,47.2717831913046,,sideways,63840.1654296875,,0,0.0,93.46740674458287,0.0,104.91104078707554,35.962860695782595,2.9172051043030227,74.47159458406946,-1,0.0,0.0
20,2024-10-21,67367.8515625,69462.734375,66829.8515625,69002.0,37498611780,-2.3678423698328066,0.0,1275.8671875,2632.8828125,1984.2452566964287,647.3741629464286,360.86997767857144,32.6257130141383,18.1867627734378,28.416151775526938,,sideways,64166.7076171875,,0,0.0,0.0,236.78423698328066,104.91104078707554,46.25503225276059,2.2681000461482594,69.40118154648945,0,0.0,0.0
21,2024-10-22,67361.40625,67801.578125,66581.3671875,67360.703125,31808472566,-0.009567341618454961,0.0,248.484375,1220.2109375,1976.3501674107142,647.3741629464286,356.5482700892857,32.75604564521965,18.040743789670234,28.968960478124583,,sideways,64503.138671875,,0,0.0,0.0,0.9567341618454961,104.91104078707554,45.12183459685158,2.3250615079023365,69.92536836917448,0,0.0,0.0
22,2024-10-23,66432.1953125,67402.7421875,65188.03515625,67362.375,32263980353,-1.379441121005398,0.0,1393.33203125,2214.70703125,1977.8133370535713,647.3741629464286,346.861328125,32.731812998634545,17.537617004936035,30.225518754876045,,sideways,64786.7783203125,,0,0.0,0.0,137.9441121005398,104.91104078707554,37.15729815231479,2.823430281637415,73.84547575504,-1,-1.0,-1.0
23,2024-10-24,68161.0546875,68798.9609375,66454.1015625,66653.703125,31414428647,2.602442034118191,1396.21875,0.0,2366.765625,1979.616908482143,747.1040736607143,245.47516741071428,37.73983089655215,12.4001349129176,50.53792034865874,,sideways,65091.4572265625,,0,0.0,260.24420341181906,0.0,123.49991245934834,33.53056028553672,3.683204557503906,78.6470997001893,-1,0.0,0.0
24,2024-10-25,66642.4140625,68722.15625,65521.79296875,68165.296875,41469984306,-2.2280180844656217,0.0,932.30859375,3200.36328125,1968.589564732143,592.5220424107143,312.06863839285717,30.098810489800403,15.852397268768359,31.003348803983155,,sideways,65319.08046875,,0,0.0,0.0,222.80180844656218,97.7772384103843,49.444975174576875,1.9774959551533646,66.4147318732968,0,0.0,0.0
25,2024-10-26,67014.6953125,67317.921875,66360.59375,66628.734375,19588098156,0.558625096700216,0.0,0.0,957.328125,1965.1476004464287,589.099609375,312.06863839285717,29.977372144523518,15.880162809244638,30.741315139357482,,sideways,65528.867578125,,0,0.0,55.862509670021595,0.0,93.21208878138984,49.444975174576875,1.8851680772875927,65.3399741986567,0,0.0,0.0
26,2024-10-27,67929.296875,68221.3125,66847.2265625,67023.4765625,16721307878,1.364777618155344,903.390625,0.0,1374.0859375,1974.9383370535713,653.6275111607143,282.95200892857144,33.09609717414607,14.327131314424236,39.577579295862215,39.47639020623259,trending,65813.4994140625,,0,0.0,136.4777618155344,0.0,102.9605003396423,45.58324194930011,2.2587357971194755,69.31325329031156,0,0.0,0.0
27,2024-10-28,69907.7578125,70212.265625,67535.1328125,67922.671875,38799856657,2.912529686772203,1990.953125,0.0,2677.1328125,1877.56640625,566.5641741071429,282.95200892857144,30.175453300675652,15.070146546438373,33.3851397821633,39.27358697017349,trending,66202.2888671875,,0,0.0,291.2529686772203,0.0,87.4569749356865,45.58324194930011,1.9186212124394397,65.73724621276973,0,0.0,0.0
28,2024-10-29,72720.4921875,73577.2109375,69729.9140625,69910.046875,58541874402,4.023493905417541,3364.9453125,0.0,3847.296875,1932.91015625,706.9754464285714,282.95200892857144,36.575701366283894,14.638652914811153,42.83378900194481,39.28601759550548,trending,66809.2083984375,,0,0.0,402.34939054175413,0.0,105.43550821872432,45.58324194930011,2.3130322396988525,69.81617057578353,0,0.0,0.0
29,2024-10-30,72339.5390625,72905.296875,71411.734375,72715.3671875,40646637831,-0.5238593875544262,0.0,0.0,1493.5625,1924.1244419642858,671.7176339285714,282.95200892857144,34.91030098047263,14.70549423714578,40.72252929678368,38.86661174883515,trending,67412.4603515625,,0,0.0,0.0,52.385938755442616,99.34532840934105,49.32509471754601,2.0140930084012947,66.82252348508615,0,0.0,0.0
30,2024-10-31,70215.1875,72662.3125,69590.5,72335.046875,40627912076,-2.9366396164960396,0.0,1821.234375,3071.8125,2053.1953125,671.7176339285714,405.08761160714283,32.715720216148284,19.729618957385128,24.761211317166204,37.302077182851455,trending,67800.965234375,,0,0.0,0.0,293.66396164960395,99.34532840934105,68.05211937963027,1.4598417994176038,59.34697913350519,0,0.0,0.0
31,2024-11-01,69482.46875,71559.015625,68779.703125,70216.8984375,49989795365,-1.0435331387529279,0.0,810.796875,2779.3125,2123.72265625,596.1791294642857,463.00167410714283,28.072362825238173,21.80141897269656,12.573628119777538,34.850770856615256,trending,68115.4375,,0,0.0,0.0,104.35331387529278,88.54673149006659,75.50592751357975,1.172712320819335,53.97457866751096,0,0.0,0.0
32,2024-11-02,69289.2734375,69867.3515625,69033.71875,69486.0234375,18184612091,-0.27804900426771084,0.0,0.0,833.6328125,2137.313058035714,596.1791294642857,463.00167410714283,27.893860809150755,21.66279162364085,12.573628119777538,32.399464530379056,trending,68437.332421875,,0,0.0,0.0,27.804900426771084,88.54673149006659,76.90678617138133,1.1513513422956783,53.51758774404029,0,0.0,0.0
33,2024-11-03,68741.1171875,69361.65625,67482.5234375,69296.3828125,34868307655,-0.791112711687536,0.0,1551.1953125,1879.1328125,2182.016183035714,546.8219866071429,573.8013392857143,25.060400140863337,26.29684159754569,2.407530885284371,29.194875079949043,trending,68572.08203125,,0,0.0,0.0,79.1112711687536,81.87048815116782,82.55759125486372,0.991677287415342,49.79106272293092,0,0.0,0.0
34,2024-11-04,67811.5078125,69433.1796875,66803.6484375,68742.1328125,41184819348,-1.3523338185854272,0.0,678.875,2629.53125,2181.776785714286,546.8219866071429,531.1590401785714,25.06314991467472,24.345251249186646,1.452989063756966,27.26893488625119,trending,68610.601953125,,0,0.0,0.0,135.2333818585427,81.87048815116782,75.30395874595388,1.0872003213983323,52.088930336593464,0,0.0,0.0
35,2024-11-05,69359.5625,70522.7890625,67458.8671875,67811.171875,46046889204,2.282879023690776,1089.609375,0.0,3063.921875,2313.4704241071427,624.6512276785714,513.41015625,27.000614365737935,22.19220746892171,9.774610842568867,25.897909912282923,trending,68697.944140625,,0,0.0,228.28790236907759,0.0,98.17676689181621,75.23562059153633,1.3049239990300638,56.61462154844105,0,0.0,0.0
36,2024-11-06,75639.078125,76460.15625,69322.03125,69358.5,118592653963,9.053568676993894,5937.3671875,0.0,7138.125,2665.143136160714,1048.7488839285713,413.88643973214283,39.3505650671863,15.529613930168459,43.405381637268384,26.83932868959666,trending,69109.90625,,0,0.0,905.3568676993895,0.0,162.84511458462975,65.38246972721207,2.490654073852672,71.35207388521633,-1,-1.0,0.0
37,2024-11-07,75904.859375,76943.1171875,74480.421875,75637.0859375,63467654989,0.3513808689745934,482.9609375,0.0,2462.6953125,2671.9952566964284,983.5161830357143,413.88643973214283,36.808305724752785,15.489789463318852,40.76346602064457,26.14115338045279,trending,69484.209765625,,0,0.0,35.138086897459345,0.0,146.7661062621755,65.38246972721207,2.2447317587498796,69.18081140903688,0,0.0,0.0
38,2024-11-08,76545.4765625,77252.75,75648.7421875,75902.8359375,55176858003,0.8439738809541852,309.6328125,0.0,1604.0078125,2557.9698660714284,1005.6328125,347.29296875,39.31370833716924,13.576898358203811,48.660455205587425,27.40237526628167,trending,69893.346875,,0,0.0,84.39738809541852,0.0,152.79449112613398,49.468054838171916,3.0887507427971563,75.54265195153741,-1,-1.0,0.0
39,2024-11-09,76778.8671875,76932.765625,75773.7890625,76556.1875,29009480361,0.30490452928257916,0.0,0.0,1158.9765625,2572.3733258928573,1005.6328125,347.29296875,39.09357955074231,13.500877390316449,48.660455205587425,28.68231384244095,trending,70282.205078125,,0,0.0,30.490452928257916,0.0,150.98220135886513,49.468054838171916,3.0521151853005555,75.32153074948121,-1,0.0,0.0
40,2024-11-10,80474.1875,81474.421875,76565.4296875,76775.546875,82570594495,4.8129393514959595,4541.65625,0.0,4908.9921875,2824.866629464286,1265.5089285714287,347.29296875,44.79889122451854,12.29413683207626,56.93296624628349,29.921984338899613,trending,70937.521875,,0,0.0,481.29393514959594,0.0,175.6119280255838,49.468054838171916,3.550006738693781,78.02201057207488,-1,0.0,0.0
41,2024-11-11,88701.484375,89604.5,80283.25,80471.4140625,117966845037,10.223522760015435,8130.078125,0.0,9321.25,3299.4464285714284,1704.017857142857,347.29296875,51.64556825008524,10.52579504678815,66.13941053045077,32.26157510663443,trending,72004.52578125,,0,0.0,1022.3522760015435,0.0,227.8333071201783,49.468054838171916,4.605665370621592,82.16090447994199,-1,0.0,0.0
42,2024-11-12,87955.8125,89956.8828125,85155.109375,88705.5625,133673285375,-0.8406532091926988,352.3828125,0.0,4801.7734375,3367.6233258928573,1488.8348214285713,347.29296875,44.21025386008208,10.31270231678664,62.171154904613225,33.6428155282536,trending,73080.706640625,,0,0.0,0.0,84.06532091926988,199.09406493862448,55.472720618119766,3.5890445379308082,78.20897156838451,-1,0.0,0.0
43,2024-11-13,90584.1640625,93434.3515625,86256.9296875,87929.96875,123559027869,2.9882636380625716,3477.46875,0.0,7177.421875,3773.61328125,1737.2254464285713,347.29296875,46.03612816025281,9.203194468166597,66.67882939088847,35.496836963546805,trending,74201.862109375,,0,0.0,298.8263638062572,0.0,220.4388052105,51.73086784987385,4.261262460359778,80.99315501679767,-1,0.0,0.0
44,2024-11-14,87250.4296875,91765.21875,86682.8125,90574.8828125,87616705248,-3.6802617869276077,0.0,0.0,5082.40625,3917.227120535714,1737.2254464285713,217.20479910714286,44.34834624015855,5.544861005594138,77.77308250286453,39.283399191096684,trending,75232.262890625,,0,0.0,0.0,368.02617869276077,220.4388052105,57.042454781527915,3.8644691231255495,79.44277217741956,-1,0.0,0.0
45,2024-11-15,91066.0078125,91868.7421875,87124.8984375,87284.1796875,78243109518,4.373133907381366,103.5234375,0.0,4743.84375,4057.55078125,1744.6199776785713,159.29073660714286,42.996873526278094,3.925785410825359,83.26699509468295,44.332925403589925,trending,76434.828515625,,0,0.0,437.3133907381366,0.0,251.6754759775097,49.588646647578436,5.075264057237581,83.53981011230812,-1,0.0,0.0
46,2024-11-16,90558.4765625,91763.9453125,90094.2265625,91064.3671875,44333192814,-0.5573223886622736,0.0,0.0,1669.71875,4117.271205357143,1744.6199776785713,159.29073660714286,42.3732100865393,3.8688424605083926,83.26699509468295,49.38245161608317,trending,77566.2875,,0,0.0,0.0,55.732238866227355,251.6754759775097,51.58345653611103,4.878995958739681,82.99029278097383,-1,0.0,0.0
47,2024-11-17,89845.8515625,91433.0390625,88741.6640625,90558.4609375,46350159305,-0.7869224693816235,0.0,1352.5625,2691.375,4175.288504464285,1744.6199776785713,145.10267857142858,41.784417431590555,3.475273107865061,84.6429656657265,55.25641124325761,trending,78563.1921875,,0,0.0,0.0,78.69224693816234,251.6754759775097,51.553526233925936,4.881828545258444,82.99848436068174,-1,0.0,0.0
48,2024-11-18,90542.640625,92596.7890625,89393.59375,89843.71875,75535775084,0.7755383808848215,1163.75,0.0,3203.1953125,4216.264508928572,1827.7449776785713,96.61160714285714,43.34986511894706,2.2914028979507237,89.95907433114094,61.578274476642186,trending,79454.299609375,,0,0.0,77.55383808848215,0.0,257.21503584097275,41.89399895831574,6.1396630122825,85.99373670326344,-1,0.0,0.0
49,2024-11-19,92343.7890625,94002.8671875,90426.984375,90536.8125,74521048295,1.9892819836786257,1406.078125,0.0,3575.8828125,4252.833147321428,1850.349888392857,96.61160714285714,43.508640576653406,2.2716999185285753,90.07565302504618,67.31406320396198,trending,80454.512109375,71435.405078125,1,1.0,198.92819836786256,0.0,255.11791412660023,41.89399895831574,6.089605205281093,85.89484222259523,-1,0.0,1.0
50,2024-11-20,94339.4921875,94902.0234375,91619.5,92341.890625,71730956426,2.161166598491282,899.15625,0.0,3282.5234375,3977.433035714286,1490.4776785714287,96.61160714285714,37.473356941225326,2.428993933407786,87.8253091350968,70.48691516809258,trending,81660.72734375,72105.454765625,1,0.0,216.1166598491282,0.0,205.88647070872443,41.89399895831574,4.914462114575888,83.09229173122013,-1,0.0,0.0
51,2024-11-21,98504.7265625,99014.21875,94132.6015625,94334.640625,106024505582,4.415154542830901,4112.1953125,0.0,4881.6171875,4150.213169642857,1749.708705357143,96.61160714285714,42.15948997886566,2.3278709597264124,89.53468620923736,73.97057375299208,trending,83111.840234375,72862.89359375,1,0.0,441.51545428309015,0.0,234.91342552198378,41.89399895831574,5.60732876696066,84.86529072080675,-1,0.0,0.0
52,2024-11-22,98997.6640625,99655.5,97222.6640625,98496.4296875,78473580551,0.5004201495724558,641.28125,0.0,2432.8359375,4209.415178571428,1773.3978794642858,96.61160714285714,42.12931735724232,2.295131343533681,89.6672602107335,76.89963125335964,trending,84597.259765625,73627.658828125,1,0.0,50.042014957245584,0.0,232.45947029782857,41.89399895831574,5.548753427170422,84.72991827954532,-1,0.0,0.0
53,2024-11-23,97777.28125,99014.6796875,97232.890625,99006.7421875,44414644677,-1.232738998497518,0.0,0.0,1781.7890625,4253.901785714285,1773.3978794642858,96.61160714285714,41.68873586644195,2.271129236394319,89.66726021073353,79.82868875372722,trending,86049.06796875,74341.854921875,1,0.0,0.0,123.27389984975179,230.281580802953,50.69927751901229,4.542107739436664,81.95632335177868,-1,0.0,0.0
54,2024-11-24,98013.8203125,98647.1796875,95788.078125,97778.09375,51712020623,0.2419161787646784,0.0,1444.8125,2859.1015625,4107.481026785715,1448.993861607143,199.8125,35.27694594711359,4.864599463685463,75.7627694006182,81.17367469332257,trending,87559.18359375,75060.33234375,1,0.0,24.19161787646784,0.0,197.63141528344386,50.6992775190123,3.8981110768162686,79.58396646549731,-1,0.0,0.0
55,2024-11-25,93102.296875,98935.03125,92642.9140625,98033.4453125,80909462490,-5.01105193312582,0.0,3145.1640625,6292.1171875,3891.1143973214284,868.2739955357143,424.46707589285717,22.314275728655478,10.908624947779806,34.33068921933599,78.9016231711001,trending,88746.3203125,75665.99921875,1,0.0,0.0,501.10519331258206,124.60625271190501,86.49250561276816,1.4406595326278817,59.02746832847716,0,0.0,0.0
56,2024-11-26,91985.3203125,94991.75,90770.8125,93087.28125,91656519855,-1.1997304040733403,0.0,1872.1015625,4220.9375,3849.6261160714284,843.1037946428571,558.1886160714286,21.900926719170606,14.499813728431999,20.33231439726401,75.91313456343228,trending,89563.632421875,76260.972421875,1,0.0,0.0,119.97304040733403,124.60625271190501,89.05734271905847,1.3991687704515239,58.31889726491397,0,0.0,0.0
57,2024-11-27,95962.53125,97361.1796875,91778.6640625,91978.140625,71133452438,4.323745271515378,2369.4296875,0.0,5582.515625,3735.7042410714284,763.9581473214286,558.1886160714286,20.450177477174144,14.941991658079864,15.563289715429157,72.26202458661376,trending,90566.516015625,76937.583671875,1,0.0,432.3745271515378,0.0,134.14540723656793,89.05734271905847,1.5062812693586076,60.1002484347691,0,0.0,0.0
58,2024-11-28,95652.46875,96650.203125,94677.3515625,95954.9453125,52260008261,-0.32310787967048116,0.0,0.0,1972.8515625,3513.593191964286,763.9581473214286,558.1886160714286,21.742931113044854,15.88654649456932,15.563289715429155,67.8184679589398,trending,91521.865625,77638.991015625,1,0.0,0.0,32.310787967048114,134.14540723656793,65.07767195293611,2.0613123243496063,67.33427059872253,0,0.0,0.0
59,2024-11-29,97461.5234375,98693.171875,95407.8828125,95653.953125,54968682476,1.8912786163713058,2042.96875,0.0,3285.2890625,3409.410714285714,902.4899553571429,558.1886160714286,26.47055550026974,16.371996888863283,23.57132814983252,63.55449174859334,trending,92555.9984375,78382.731484375,1,0.0,189.1278616371306,0.0,116.41786944363892,65.07767195293611,1.7889064858962964,64.14365253704013,0,0.0,0.0
60,2024-11-30,96449.0546875,97499.34375,96144.21875,97468.8125,31634227866,-1.0388394458550332,0.0,0.0,1355.125,3386.9397321428573,902.4899553571429,558.1886160714286,26.6461769836735,16.480618499765047,23.571328149832528,59.290515538246886,trending,93354.741796875,79062.81078125,1,0.0,0.0,103.88394458550331,116.41786944363892,68.51707950431297,1.6991072924570685,62.95071326750877,0,0.0,0.0
61,2024-12-01,97279.7890625,97888.125,95770.1875,96461.3359375,36590695296,0.8613193542348574,388.78125,0.0,2117.9375,3345.979910714286,930.2600446428571,461.57700892857144,27.802320081601124,13.794972511656113,33.67370012974246,55.649853714248025,trending,93783.65703125,79744.54609375,1,0.0,86.13193542348574,0.0,122.57015054531647,62.89620472301567,1.9487686273773566,66.08753936420564,0,0.0,0.0
62,2024-12-02,95865.3046875,98152.6015625,94482.8671875,97276.0078125,72680784305,-1.454037255458307,0.0,1287.3203125,3669.734375,3379.304129464286,847.1350446428571,553.5284598214286,25.06832803998472,16.37995393771138,20.96196437514268,50.721488717391004,trending,94179.131640625,80404.8246875,1,0.0,0.0,145.4037255458307,117.03059068185347,73.28218511914643,1.5969855496472756,61.49381731693421,0,0.0,0.0
63,2024-12-03,96002.1640625,96297.203125,93629.5625,95854.59375,67067810961,0.1427621551364444,0.0,853.3046875,2667.640625,3314.4296875,746.7008928571429,614.4787946428571,22.528789663972706,18.53950309944106,9.71378719712828,44.981355443968305,trending,94450.031640625,81003.94546875,1,0.0,14.276215513644441,0.0,103.8411633351236,73.28218511914643,1.417004189576124,58.626468075118545,0,0.0,0.0
64,2024-12-04,98768.53125,99207.328125,94660.5234375,95988.53125,77199817112,2.881567529768403,2910.125,0.0,4546.8046875,3404.7354910714284,890.3415178571429,614.4787946428571,26.15009360321742,18.04776894575996,18.331937768436106,40.01754320349254,trending,95025.93671875,81638.49390625,1,0.0,288.15675297684027,0.0,108.9868842728173,73.28218511914643,1.4872220867270824,59.7945030587963,0,0.0,0.0
65,2024-12-05,96593.5703125,103900.46875,91998.78125,98741.5390625,149218945580,-2.2020788503929523,4693.140625,0.0,11901.6875,3906.1690848214284,931.8376116071429,614.4787946428571,23.855537007552304,15.730982998933548,20.52353681830994,35.08817538985486,trending,95302.31484375,82218.1109375,1,0.0,0.0,220.20788503929523,77.45006610973944,89.01131976481038,0.8701147934260655,46.52734668934456,0,0.0,0.0
66,2024-12-06,99920.7109375,102039.8828125,96514.875,97074.2265625,94534772658,3.444474217316973,0.0,0.0,5525.0078125,4127.038504464285,886.0318080357143,614.4787946428571,21.468949395002713,14.889097690224245,18.097373847815938,29.976040649646468,trending,95770.4265625,82868.5284375,1,0.0,344.4474217316973,0.0,98.47902373648601,89.01131976481038,1.1063651678987754,52.524851092293765,0,0.0,0.0
67,2024-12-07,99923.3359375,100563.3828125,99030.8828125,99916.7109375,44177510897,0.002627082989481444,0.0,0.0,1532.5,4109.232142857143,886.0318080357143,614.4787946428571,21.56197988414589,14.953615986650268,18.097373847815945,24.863905909438063,sideways,96274.30078125,83498.619375,1,0.0,0.2627082989481444,0.0,98.4977886149823,80.20604120411382,1.2280594720330156,55.11789462749215,0,0.0,0.0
68,2024-12-08,101236.015625,101399.9921875,98771.515625,99921.9140625,44125751925,1.3136868131795154,836.609375,0.0,2628.4765625,4092.7589285714284,945.7896205357143,511.2779017857143,23.108852415742962,12.492255486060966,29.820973434211712,21.582349054694742,sideways,96808.96953125,84156.085,1,0.0,131.36868131795154,0.0,106.15329314651684,80.20604120411382,1.3235074509708151,56.96161854001471,0,0.0,0.0
69,2024-12-09,97432.71875,101272.5078125,94355.9140625,101237.0625,110676473908,-3.7568614800964073,0.0,4415.6015625,6916.59375,4137.364397321428,945.7896205357143,602.0234375,22.859712843955155,14.550892299690984,22.209799901286413,20.716571246262635,sideways,97063.416015625,84724.7053125,1,0.0,0.0,375.6861480096407,106.15329314651684,71.24753796818943,1.4899222650179451,59.83810362076533,0,0.0,0.0
70,2024-12-10,96675.4296875,98270.15625,94321.2578125,97441.234375,104823780634,-0.7772430783165474,0.0,34.65625,3948.8984375,4117.933035714285,945.7896205357143,470.77734375,22.96758136504423,11.43237006690033,33.53263832643684,21.65945152691783,sideways,97180.212890625,85310.856875,1,0.0,0.0,77.72430783165474,106.15329314651684,68.22977135564092,1.5558207368628472,60.873625228213214,0,0.0,0.0
71,2024-12-11,101173.03125,101913.359375,95747.2265625,96656.0625,85391409936,4.652269534294651,3643.203125,0.0,6166.1328125,4159.619977678572,1036.7734375,470.77734375,24.924715312061018,11.3177969688648,37.54408148564647,23.229508081933357,sideways,97313.628125,85987.089375,1,0.0,465.2269534294651,0.0,108.49989502351166,68.22977135564092,1.590213375594749,61.393141992775554,0,0.0,0.0
72,2024-12-12,100043.0,102524.9140625,99339.953125,101167.8046875,72073983533,-1.1169293200355757,611.5546875,0.0,3184.9609375,4246.19921875,1080.4559151785713,470.77734375,25.44524784441548,11.087029117032051,39.30283004953576,24.92518953436954,sideways,97365.894921875,86659.30546875,1,0.0,0.0,111.69293200355756,108.49989502351166,73.89992450110587,1.4682003500813863,59.48465042689804,0,0.0,0.0
73,2024-12-13,101459.2578125,101888.8046875,99233.28125,100046.6484375,56894751583,1.4156490833941326,0.0,106.671875,2655.5234375,4201.215959821428,934.5295758928571,478.39676339285717,22.244264156622386,11.387102400067796,32.28284446382334,25.5474406996546,trending,97549.99375,87325.26953125,1,0.0,141.56490833941325,0.0,105.10254121653183,73.89992450110587,1.4222279917885305,58.71569466664376,0,0.0,0.0
74,2024-12-14,101372.96875,102618.8828125,100634.0546875,101451.4375,40422968793,-0.08504799301751742,730.078125,0.0,1984.828125,4246.194754464285,986.6780133928571,478.39676339285717,23.236758331809956,11.266481898643232,34.69319505418955,26.341859764251527,trending,97717.951171875,88019.880625,1,0.0,0.0,8.504799301751742,105.10254121653183,67.08712840940933,1.5666573262031385,61.03881925370606,0,0.0,0.0
75,2024-12-15,104298.6953125,105047.5390625,101227.03125,101373.53125,51145914137,2.886101293644905,2428.65625,0.0,3820.5078125,4367.806919642857,1132.3833705357142,478.39676339285717,25.925673716097002,10.952791004598122,40.600612918402035,26.836639249155787,trending,98277.77109375,88765.560625,1,0.0,288.6101293644905,0.0,119.56526935517503,67.08712840940933,1.7822385931547096,64.05771947595173,0,0.0,0.0
76,2024-12-16,106029.71875,107780.578125,103322.984375,104293.578125,91020417816,1.6596788984881483,2733.0390625,0.0,4457.59375,4424.082589285715,1327.6004464285713,386.4453125,30.008491469932473,8.73503838820498,54.90840189219194,29.261384786087877,trending,98979.991015625,89527.5690625,1,0.0,165.96788984881482,0.0,131.4201186300904,56.70114801327857,2.3177682151922876,69.85925673104795,0,0.0,0.0
77,2024-12-17,106140.6015625,108268.4453125,105291.734375,106030.6875,68589364868,0.1045771070669721,487.8671875,0.0,2976.7109375,4446.159040178572,1362.4481026785713,325.49497767857144,30.643260629378005,7.320812745049682,61.43294386328457,32.9556102622419,trending,99488.89453125,90252.2259375,1,0.0,10.45771070669721,0.0,131.14736828673702,56.70114801327857,2.3129579008880783,69.81549328677139,0,0.0,0.0
78,2024-12-18,100041.5390625,106470.609375,100041.5390625,106147.296875,93865656139,-5.746210601989676,0.0,5250.1953125,6429.0703125,4580.606584821428,1154.58203125,700.5089285714286,25.205876336900268,15.292929344612933,24.477134141297338,33.39455286030341,trending,99708.348046875,90798.646875,1,0.0,0.0,574.6210601989676,110.56474307410556,97.74550945606198,1.1311490797825963,53.07695695779235,0,0.0,0.0
79,2024-12-19,97490.953125,102748.1484375,95587.6796875,100070.6875,97221662392,-2.5495268879325628,0.0,4453.859375,7160.46875,4241.948102678572,819.3577008928571,1018.6417410714286,19.315599367551787,24.013536149303874,10.842442909862632,32.70304615255718,trending,99709.81953125,91301.67515625,1,0.0,0.0,254.95268879325627,110.56474307410556,100.22728115277347,1.1031402009755709,52.45205243396822,0,0.0,0.0
80,2024-12-20,97755.9296875,98098.9140625,92175.1796875,97484.6953125,105634083408,0.2717960528709318,0.0,3412.5,5923.734375,4270.428571428572,819.3577008928571,1262.3917410714287,19.186779199979927,29.56124238952263,21.28181380755101,32.93050614968111,trending,99775.16328125,91852.49,1,0.0,27.179605287093178,0.0,87.90275618520526,100.22728115277347,0.8770342283476462,46.724466453640524,0,0.0,0.0
81,2024-12-21,97224.7265625,99507.1015625,96426.5234375,97756.1953125,51765334294,-0.5433973434635808,1408.1875,0.0,3080.578125,4381.005580357143,919.9425223214286,1262.3917410714287,20.998433018349044,28.81511374309908,15.691877476990957,32.75868498033647,trending,99772.41015625,92407.33515625,1,0.0,0.0,54.339734346358085,87.88399130670896,104.10869074894192,0.8441561475270223,45.774656807614654,0,0.0,0.0
82,2024-12-22,95104.9375,97360.265625,94202.1875,97218.3203125,43147981314,-2.1802983021374844,0.0,2224.3359375,3158.078125,4418.834263392857,860.1847098214286,1421.2728794642858,19.46632660445074,32.16397798031483,24.59340784057811,32.38528743793407,trending,99734.391796875,92923.6484375,1,0.0,0.0,218.02983021374845,78.50051406971242,119.68225004992394,0.6559077393428593,39.610162073591965,0,0.0,0.0
83,2024-12-23,94686.2421875,96416.2109375,92403.1328125,95099.390625,65239002919,-0.4402456102765462,0.0,1799.0546875,4013.078125,4211.440290178572,860.1847098214286,1234.376674107143,20.424953235771873,29.310083701906255,17.8649318734158,32.07493972165759,trending,99668.595703125,93442.5509375,1,0.0,0.0,44.02456102765462,78.50051406971242,95.9921366940678,0.8177806721804503,44.98786265559268,0,0.0,0.0
84,2024-12-24,98676.09375,99404.0625,93448.015625,94684.34375,47114953674,4.213760595334648,2987.8515625,0.0,5956.046875,4354.808035714285,1073.6026785714287,1231.9012276785713,24.653272194013805,28.288301518129078,6.866114981545265,30.17018805416534,trending,99663.973828125,94059.84265625,1,0.0,421.3760595334648,0.0,108.59880403638849,90.44040042037817,1.2007775676755943,54.56151431713406,0,0.0,0.0
85,2024-12-25,99299.1953125,99478.75,97593.46875,98675.9140625,33700394629,0.6314615210434305,74.6875,0.0,1885.28125,4049.0329241071427,818.7087053571429,1231.9012276785713,20.219857943923174,30.424579171586245,20.149737678766627,28.927734925102495,trending,99799.255078125,94658.6353125,1,0.0,63.146152104343045,0.0,79.87874679887977,90.44040042037817,0.883219738386755,46.89945205987264,0,0.0,0.0
86,2024-12-26,95795.515625,99884.5703125,95137.8828125,99297.6953125,47054980873,-3.528406928650052,0.0,2455.5859375,4746.6875,4160.584821428572,775.0262276785714,1407.3002232142858,18.627819427857734,33.82457715958973,28.97247546429323,28.18985245472803,trending,99592.9953125,95061.7640625,1,0.0,0.0,352.84069286500517,79.87874679887977,107.66524048191013,0.7419176926679597,42.59200625786298,0,0.0,0.0
87,2024-12-27,94164.859375,97294.84375,93310.7421875,95704.9765625,52419934565,-1.7022260795415023,0.0,1827.140625,3984.1015625,4255.483258928572,775.0262276785714,1530.1908482142858,18.21241397325352,35.95809817847929,32.758937474173614,28.22385909832448,trending,99305.071484375,95426.9640625,1,0.0,0.0,170.22260795415022,69.76696763177883,119.82399819292085,0.5822453655690203,36.798677262020504,0,0.0,0.0
88,2024-12-28,95163.9296875,95525.8984375,94014.2890625,94160.1875,24107436185,1.0609799867287384,0.0,0.0,1511.609375,4221.681919642857,722.8777901785714,1530.1908482142858,17.122980933621,36.24600046475637,35.83171166110505,28.305181713104158,trending,99001.4671875,95799.333125,1,0.0,106.09799867287384,0.0,77.34539610841266,119.21651252851002,0.6487808984507569,39.34912753176425,0,0.0,0.0
89,2024-12-29,93530.2265625,95174.875,92881.7890625,95174.0546875,29635885267,-1.7167251608511402,0.0,1132.5,2293.0859375,4112.580357142857,549.40234375,1611.083705357143,13.359066475036311,39.17452220864117,49.140857079169784,28.915199153158994,trending,98806.342578125,96134.3603125,1,0.0,0.0,171.672516085114,56.73038686809192,131.47883510601815,0.4314792325498419,30.14219296645078,0,0.0,0.0
90,2024-12-30,92643.2109375,94903.3203125,91317.1328125,93527.1953125,56188003691,-0.948373223930199,0.0,1564.65625,3586.1875,4050.3370535714284,354.18526785714283,1722.8448660714287,8.744587504016145,42.535839444578855,65.89502847633474,29.699958194883475,trending,98604.731640625,96377.74078125,1,0.0,0.0,94.83732239301989,44.87553759317658,138.25292956266244,0.3245901387777607,24.5049490612447,1,1.0,0.0
91,2024-12-31,93429.203125,96090.6015625,91914.03125,92643.25,43625106843,0.8484077565384274,1187.28125,0.0,4176.5703125,4136.041294642857,404.14341517857144,1722.8448660714287,9.771261609549981,41.65444064359117,61.99852921229427,29.740357148384174,trending,98217.540234375,96472.29515625,1,0.0,84.84077565384274,0.0,50.18861366082983,138.25292956266244,0.36302025439599883,26.63351870415643,1,0.0,0.0
92,2025-01-01,94419.7578125,94929.8671875,92788.125,93425.1015625,24519888919,1.060219561302178,0.0,0.0,2141.7421875,3829.8035714285716,404.14341517857144,1347.8309151785713,10.552588602548619,35.19321265544204,53.864230979207775,31.8394354939492,trending,97936.378125,96601.5740625,1,0.0,106.0219561302178,0.0,57.76161052727396,97.20856811987905,0.5942028737224221,37.27272629580537,0,0.0,0.0
93,2025-01-02,96886.875,97739.8203125,94201.5703125,94416.2890625,46009564411,2.6129247147606893,2809.953125,0.0,3538.25,3571.073660714286,604.8543526785714,1029.6981026785713,16.937605049501794,28.834412294721783,25.99144179237572,32.92150684270014,trending,97707.758984375,96727.62828125,1,0.0,261.29247147606895,0.0,76.42535848985031,78.99766177750361,0.967438235135387,49.17248317423362,0,0.0,0.0
94,2025-01-03,98107.4296875,98956.9140625,96034.6171875,96881.7265625,35611391163,1.2597729955682757,1217.09375,0.0,2922.296875,3356.6852678571427,691.7896205357143,785.9481026785714,20.609308449622457,23.41441153880682,6.371799316190516,31.85650580760296,trending,97544.48203125,96944.76828125,1,0.0,125.97729955682757,0.0,83.4823366519742,78.99766177750361,1.0567697166417613,51.38006982946183,0,0.0,0.0
95,2025-01-04,98236.2265625,98734.4296875,97562.9765625,98106.9921875,22342608078,0.13128146911018934,0.0,0.0,1171.453125,3220.3191964285716,591.2047991071429,785.9481026785714,18.358577614380785,24.405906829056292,14.141008113108612,31.745729424468504,trending,97241.35859375,97088.17265625,1,0.0,13.128146911018934,0.0,84.42006143133268,75.11625218133518,1.1238588052494625,52.91589075844696,0,0.0,0.0
96,2025-01-05,98314.9609375,98813.3046875,97291.765625,98233.90625,20525254825,0.0801480042089242,0.0,271.2109375,1521.5390625,3103.4235491071427,591.2047991071429,646.4391741071429,19.050084197409436,20.829872683447412,4.46286461982688,30.307833480129137,trending,96855.620703125,97243.30234375,0,-1.0,8.01480042089242,0.0,84.99254717568215,59.54269288035313,1.427421956653333,58.8040308666116,0,0.0,-1.0
97,2025-01-06,102078.0859375,102482.875,97926.1484375,98314.953125,51823432705,3.8276219245942267,3669.5703125,0.0,4556.7265625,3142.2555803571427,853.3169642857143,517.9352678571429,27.156192183091864,16.482913455380842,24.458060199797828,30.778771217727847,trending,96652.494921875,97487.94703125,0,0.0,382.7621924594227,0.0,112.33270377992663,56.39808137837781,1.991782362706284,66.57510878914911,0,0.0,0.0
98,2025-01-07,96922.703125,102712.484375,96132.875,102248.8515625,58685738547,-5.050430525956884,0.0,1793.2734375,6579.609375,3186.7957589285716,639.8989955357143,646.0262276785714,20.079698981112422,20.27196835155106,0.47648432679013786,30.322369028102486,trending,96496.553125,97615.54828125,0,0.0,0.0,505.0430525956884,82.23441381325058,92.4725851352127,0.8892842531979404,47.06990235549113,0,0.0,0.0
99,2025-01-08,95043.5234375,97258.3203125,92525.84375,96924.1640625,63875859171,-1.9388436629511285,0.0,3607.03125,4732.4765625,3390.1668526785716,634.5641741071429,903.6713169642857,18.717785928612145,26.655659034902506,17.4945347717664,30.132711677602465,trending,96374.181640625,97669.54296875,0,0.0,0.0,193.88436629511284,77.72397437722607,106.32146844200646,0.7310280371044816,42.23086058890669,0,0.0,0.0
100,2025-01-09,92484.0390625,95349.71875,91220.84375,95043.484375,62777261693,-2.6929603222076492,0.0,1305.0,4128.875,3346.0373883928573,634.5641741071429,821.4866071428571,18.964646847892272,24.55102892730757,12.837631450961059,28.98022281950731,trending,96110.587109375,97632.43390625,0,0.0,0.0,269.2960322207649,77.72397437722607,100.3539926817036,0.7744980772588294,43.64603643049542,0,0.0,0.0
101,2025-01-10,94701.453125,95770.609375,92250.09375,92494.4921875,62058693684,2.3976181025154863,420.890625,0.0,3520.515625,3312.9241071428573,664.6277901785714,690.9765625,20.061666632978255,20.856999440772405,1.9436919237803705,26.77913385162208,trending,95984.4234375,97556.3684375,0,0.0,239.76181025154864,0.0,94.8498179666224,88.19523497069288,1.0754528631636484,51.817744563194616,0,0.0,0.0
102,2025-01-11,94566.59375,94977.6875,93840.046875,94700.8359375,18860894100,-0.1424047578467369,0.0,0.0,1137.640625,3286.2120535714284,664.6277901785714,690.9765625,20.224738371836334,21.026536061452646,1.943691923780362,24.358561013241744,sideways,95957.50625,97467.74703125,0,0.0,0.0,14.24047578467369,87.27138948998855,89.21241181245527,0.9782426875024163,49.450084849674006,0,0.0,0.0
103,2025-01-12,94488.4375,95367.5390625,93712.5078125,94565.7265625,20885130965,-0.08264678561502592,389.8515625,0.0,1655.03125,3240.63671875,692.4743303571429,610.0837053571429,21.368465226310484,18.826044333425575,6.325293978538108,21.30030650605377,sideways,95947.616015625,97401.97015625,0,0.0,0.0,8.264678561502592,87.27138948998855,77.5404234179116,1.1254953950874238,52.952144600677016,0,0.0,0.0
104,2025-01-13,94516.5234375,95837.0,89260.1015625,94488.890625,72978998252,0.029724205673309356,0.0,4452.40625,6576.8984375,3454.2589285714284,692.4743303571429,816.3515625,20.046972293519648,23.63318961840585,8.210174065099102,17.17995976239408,sideways,95739.6375,97332.02421875,0,0.0,2.9724205673309356,0.0,87.4837052447979,70.7663289612673,1.236233481783131,55.28195029069064,0,0.0,0.0
105,2025-01-14,96534.046875,97352.6640625,94322.15625,94519.0078125,53769675818,2.1345722040169157,1515.6640625,0.0,3030.5078125,3372.3973214285716,715.9302455357143,816.3515625,21.229119148761548,24.206861905411184,6.553710710239343,13.219615583675873,sideways,95601.380078125,97400.65921875,0,0.0,213.4572204016916,0.0,96.67059415535853,70.7663289612673,1.3660535395056237,57.73552950923733,0,0.0,0.0
106,2025-01-15,100504.4921875,100697.234375,96501.640625,96534.046875,57805923627,4.11299996325778,3344.5703125,0.0,4195.59375,3519.101004464286,954.828125,816.3515625,27.132728608491696,23.197730371034734,7.818323769027524,9.930622211520141,sideways,95836.82890625,97571.04265625,0,0.0,411.29999632577795,0.0,118.4761684550414,70.7663289612673,1.6741884197481436,62.605477137838314,0,0.0,0.0
107,2025-01-16,99756.90625,100781.5859375,97364.4453125,100505.296875,54103781805,-0.7438333563293043,84.3515625,0.0,3417.140625,3510.4503348214284,760.1422991071429,816.3515625,21.653697577402422,23.25489565832375,3.5654603396650733,8.32876639346938,sideways,96116.43125,97646.93015625,0,0.0,0.0,74.38333563293043,99.81242049246505,76.0794243636195,1.3119502589217074,56.746474274649856,0,0.0,0.0
108,2025-01-17,104462.0390625,105884.2265625,99948.90625,100025.765625,71888972663,4.716598568833419,5102.640625,0.0,6127.3203125,3739.3805803571427,1037.681361607143,816.3515625,27.75008692771345,21.8311975728887,11.937749121350146,8.726334236695067,sideways,96581.33671875,97823.1215625,0,0.0,471.6598568833419,0.0,124.50403173007321,76.0794243636195,1.6365007066169381,62.07093753131727,0,0.0,0.0
109,2025-01-18,104408.0703125,104913.203125,102226.6171875,104124.953125,50445655726,-0.051663504258914195,0.0,0.0,2686.5859375,3847.6043526785716,1037.681361607143,816.3515625,26.969544331779964,21.217138969387115,11.937749121350144,8.568958594426606,sideways,97125.22890625,97962.0525,0,0.0,0.0,5.1663504258914195,123.56630695071473,76.4484493940403,1.6163350326939085,61.77859534410047,0,0.0,0.0
110,2025-01-19,101089.609375,106299.796875,99570.53125,104411.2890625,76789928525,-3.1783567377192568,0.0,2656.0859375,6729.265625,4219.584821428572,1037.681361607143,986.6997767857143,24.59202517597047,23.383811880611987,2.5183787704079506,8.43006674803954,sideways,97547.548828125,98054.86359375,0,0.0,0.0,317.83567377192566,122.99382120636527,99.15099752060642,1.2404698316908371,55.36650456724426,0,0.0,0.0
111,2025-01-20,102016.6640625,109114.8828125,99471.359375,101083.75,126279678351,0.9170622908047932,2815.0859375,0.0,9643.5234375,4582.927455357143,976.6467633928571,986.6997767857143,21.310543815203115,21.529901714510594,0.512034589265264,6.719636347287214,sideways,97976.921875,98149.60109375,0,0.0,91.70622908047932,0.0,102.20410953644073,99.15099752060642,1.030792549668497,50.75814119156395,0,0.0,0.0
112,2025-01-21,106146.265625,107180.921875,100103.953125,102052.578125,88733878242,4.047967653568851,0.0,0.0,7076.96875,4618.453125,976.6467633928571,858.6088169642857,21.146620674922563,18.590831036404328,6.4316898252177666,7.145008168603472,sideways,98563.247265625,98355.2203125,1,1.0,404.79676535688515,0.0,131.11816420478968,63.076493763771545,2.0787167513755875,67.51893464856114,0,0.0,0.0
113,2025-01-22,103653.0703125,106294.34375,103360.265625,106136.3828125,53878181052,-2.3488299826845638,0.0,0.0,2934.078125,4489.99609375,976.6467633928571,600.9637276785714,21.75161721749231,13.384504465718866,23.813421490316156,7.596357219928455,sideways,98901.55703125,98508.2384375,1,0.0,0.0,234.8829982684564,131.11816420478968,66.00496747615321,1.9864893388843963,66.51586908481815,0,0.0,0.0
114,2025-01-23,103960.171875,106820.328125,101257.8046875,103657.671875,104104515428,0.2962783076025932,0.0,2102.4609375,5562.5234375,4592.399553571428,976.6467633928571,657.9252232142857,21.266589546489616,14.326393327484514,19.49877660880125,8.072153302631326,sideways,99194.194140625,98612.07125,1,0.0,29.62783076025932,0.0,133.2344378305225,46.76953660324144,2.8487440224346474,74.01749780783244,-1,-1.0,-1.0
115,2025-01-24,104819.484375,107098.546875,102772.125,103965.671875,52388229265,0.8265785680243276,278.21875,0.0,4326.421875,4649.964285714285,966.4559151785714,657.9252232142857,20.78415780843171,14.149038203058396,18.993737656270884,9.290013712094934,sideways,99523.35703125,98776.58953125,1,0.0,82.65785680243276,0.0,122.01272686987134,46.76953660324144,2.608807692599953,72.29001694796452,-1,0.0,0.0
116,2025-01-25,104714.6484375,105243.7890625,104120.375,104824.03125,23888996502,-0.10001569662844156,0.0,0.0,1123.4140625,4648.948102678572,966.4559151785714,657.9252232142857,20.788700880995663,14.152130948401226,18.993737656270877,10.507874121558542,sideways,99843.34140625,98872.46828125,1,0.0,0.0,10.001569662844156,122.01272686987136,46.46675759453933,2.6258067742650075,72.41993127990911,-1,0.0,0.0
117,2025-01-26,102682.5,105438.6484375,102507.7109375,104713.2109375,22543395879,-1.9406534499448846,0.0,1612.6640625,2930.9375,4740.084263392857,938.609375,773.1155133928571,19.80153353493683,16.310163921842953,9.668251173383684,10.746656778333227,sideways,99873.562109375,98927.6515625,1,0.0,0.0,194.06534499448847,122.01272686987136,59.738233768324044,2.0424562156132597,67.13181951910414,0,0.0,0.0
118,2025-01-27,102087.6875,103214.109375,97795.9375,102680.3046875,89006608428,-0.5792734886665207,0.0,4711.7734375,5418.171875,4657.318080357143,938.609375,791.6417410714286,20.153430768637204,16.99780275713361,8.494006018170621,10.766930489266908,sideways,100131.811328125,98944.685,1,0.0,0.0,57.927348866652075,121.800411115062,63.87590154451347,1.906828837948885,65.59824964769444,0,0.0,0.0
119,2025-01-28,101332.4765625,103730.8203125,100238.1875,102095.4140625,47180685494,-0.7397669160641884,516.7109375,0.0,3492.6328125,4690.327008928572,867.2555803571429,791.6417410714286,18.49030096848734,16.878177994081188,4.558078327632656,10.624385319080714,sideways,100446.258984375,99022.68015625,1,0.0,0.0,73.97669160641884,106.55346680065546,69.15995094497195,1.5406816422619525,60.64048390141055,0,0.0,0.0
120,2025-01-29,103703.2109375,104750.8046875,101283.8203125,101317.5234375,47432049818,2.3395602825692086,1019.984375,0.0,3466.984375,4638.283482142857,701.2137276785714,791.6417410714286,15.117957545678411,17.067558378421822,6.057385680381673,10.498604027034583,sideways,101007.217578125,99163.23578125,1,0.0,233.95602825692086,0.0,93.88604051002281,69.15995094497195,1.3575203456220566,57.58255058722984,0,0.0,0.0
121,2025-01-30,104735.3046875,106418.765625,103321.6484375,103709.3359375,41915744521,0.9952379879751394,1667.9609375,0.0,3097.1171875,4615.424665178572,814.3286830357143,791.6417410714286,17.643635030585163,17.152088886728688,1.412662501359509,10.3448327528699,sideways,101508.91015625,99234.48125,1,0.0,99.52379879751393,0.0,100.9948832812738,63.846855542619785,1.5818301844772378,61.26778569666164,0,0.0,0.0
122,2025-01-31,102405.0234375,106026.3515625,101543.8828125,104737.5625,45732764360,-2.2249243050878498,0.0,1777.765625,4482.46875,4497.935267857143,449.85435267857144,918.625,10.001352306986092,20.42325968016079,34.25485714518731,11.938911897429696,sideways,101900.831640625,99281.72171875,1,0.0,0.0,222.492430508785,67.30489350389223,79.73917200753301,0.8440631098794692,45.771921001914,0,0.0,0.0
123,2025-02-01,100655.90625,102755.7265625,100297.7109375,102402.796875,27757944848,-1.7080384621634526,0.0,1246.171875,2458.015625,4481.608816964285,449.85435267857144,1007.6372767857143,10.037787121797258,22.48382931083796,38.27006020694342,13.81979126068636,sideways,102209.205078125,99265.6546875,1,0.0,0.0,170.80384621634525,67.30489350389223,91.57042170685112,0.7350069187117941,42.36334223136823,0,0.0,0.0
124,2025-02-02,97688.9765625,101430.6640625,96216.078125,100661.5390625,63091816853,-2.947596219670423,0.0,4081.6328125,5214.5859375,4373.417410714285,449.85435267857144,1109.4620535714287,10.286106045503196,25.368309250642202,42.30108131031262,16.66141287067955,sideways,102367.827734375,99191.97484375,1,0.0,0.0,294.75962196704234,67.30489350389223,89.9221322922166,0.7484797322774112,42.80745829993176,0,0.0,0.0
125,2025-02-03,101405.421875,102514.171875,91242.890625,97681.1015625,115400897748,3.804365081173988,0.0,4973.1875,11271.28125,4489.685825892857,248.77678571428572,1464.689732142857,5.541073370424797,32.62343488926815,70.9621655139891,21.6935650795884,sideways,102611.396484375,99134.109375,1,0.0,380.43650811739883,0.0,87.92848486367221,89.9221322922166,0.9778291797833962,49.43951630294402,0,0.0,0.0
126,2025-02-04,97871.8203125,101745.6171875,96208.109375,101398.71875,73002130211,-3.4846278405663456,0.0,0.0,5537.5078125,4379.724330357143,248.77678571428572,1464.689732142857,5.680192791814349,33.44250965730119,70.9621655139891,26.302884771643487,trending,102479.762890625,98970.95140625,1,0.0,0.0,348.4627840566346,59.01443019532327,114.8123311534048,0.5140077690476645,33.95014078236757,0,0.0,0.0
127,2025-02-05,96615.4453125,99113.2109375,96174.828125,97878.0078125,49125911241,-1.2836943218062724,0.0,33.28125,2938.3828125,4380.031808035715,248.77678571428572,1467.0669642857142,5.679794042999269,33.49443630966782,71.00239625964943,29.673525826595867,trending,102322.68984375,98780.44828125,1,0.0,0.0,128.36943218062723,59.01443019532327,107.20421928998842,0.5504860777511815,35.50409678941486,0,0.0,0.0
128,2025-02-06,96593.296875,99168.609375,95707.3515625,96610.640625,45302471947,-0.022924323774897726,0.0,467.4765625,3461.2578125,4229.94140625,248.77678571428572,1350.2823660714287,5.8813293571088865,31.922011119972087,68.88460499582274,33.201084997097404,trending,101929.252734375,98711.4834375,1,0.0,0.0,2.2924323774897726,56.898156569590455,107.36796445980913,0.5299360647829833,34.637791537919796,0,0.0,0.0
129,2025-02-07,96529.0859375,100154.140625,95653.8828125,96581.3203125,55741290456,-0.06647556256734743,985.53125,0.0,4500.2578125,4242.358258928572,299.29910714285717,1350.2823660714287,7.055017253975307,31.828579381045703,63.712115830246454,36.39525486666709,trending,101535.303515625,98692.24609375,1,0.0,0.0,6.6475562567347435,50.99402394084526,107.84278990671874,0.4728551995451322,32.10466308508576,0,0.0,0.0
130,2025-02-08,96482.453125,96877.8046875,95702.4921875,96533.2578125,22447526395,-0.04830959709924976,0.0,0.0,1175.3125,4246.065290178572,299.29910714285717,1350.2823660714287,7.048857864601274,31.80079141021973,63.71211583024644,39.58942473623677,trending,101304.945703125,98666.7765625,1,0.0,0.0,4.830959709924976,50.99402394084526,107.47346062436738,0.4744801520728497,32.17948721831333,0,0.0,0.0
131,2025-02-09,96500.09375,97325.28125,94745.2578125,96481.3125,27732901800,0.018283765004545316,0.0,957.234375,2580.0234375,4221.0,299.29910714285717,1303.4659598214287,7.090715639489627,30.880501298778217,62.65215491503766,43.37398928921205,trending,101029.1171875,98652.28390625,1,0.0,1.8283765004545316,0.0,51.124622262306296,93.6116502676182,0.5461352525689972,35.3226052935253,0,0.0,0.0
132,2025-02-10,97437.5546875,98333.21875,95320.84375,96499.4609375,40078962391,0.9714611676219231,1007.9375,0.0,3012.375,4049.1573660714284,371.29464285714283,966.9107142857143,9.169676781848075,23.879306899445847,44.50857024666565,45.94645816267598,trending,100593.681640625,98698.93625,1,0.0,97.14611676219232,0.0,58.06363060246289,89.47398249142876,0.6489442962709875,39.35513757126578,0,0.0,0.0
133,2025-02-11,95747.4296875,98492.8984375,94875.0390625,97438.1328125,37488783272,-1.7345724709743937,0.0,445.8046875,3617.859375,4058.102120535714,334.38671875,998.75390625,8.23997792115338,24.61135468217723,49.8347417400171,49.180505549274876,trending,100198.399609375,98720.16,1,0.0,0.0,173.45724709743936,58.06363060246289,96.57973645507309,0.6011988925800485,37.54679667629067,0,0.0,0.0
134,2025-02-12,97885.859375,98151.0234375,94101.203125,95745.6953125,49340445530,2.233406885677658,0.0,773.8359375,4049.8203125,4099.733258928572,261.5306919642857,1054.0279017857142,6.379212388872207,25.70967024477039,60.24035824678968,53.05071787544688,trending,99894.683984375,98704.3553125,1,0.0,223.3406885677658,0.0,57.30539205323753,96.57973645507309,0.593347985370563,37.239070863265866,0,0.0,0.0
135,2025-02-13,96623.8671875,98111.0859375,95269.7109375,97888.75,37147280860,-1.2892487184132717,0.0,0.0,2841.375,4081.4659598214284,142.390625,1054.0279017857142,3.4887127909852724,25.824738272025915,76.19718822266233,58.39246971268279,trending,99484.903125,98650.84875,1,0.0,0.0,128.92487184132716,50.19654928198653,105.78865587231074,0.47449841259515463,32.18032712290449,0,0.0,0.0
136,2025-02-14,97508.96875,98819.46875,96342.8046875,96623.3671875,32697987277,0.9160278803397981,708.3828125,0.0,2476.6640625,3938.1941964285716,192.98939732142858,927.0446428571429,4.900454058269772,23.539840765035187,65.53865500540331,60.627026702698224,trending,99124.619140625,98685.1178125,1,0.0,91.6027880339798,0.0,56.73960557012794,89.89633940739752,0.631167030205669,38.694199828578384,0,0.0,0.0
137,2025-02-15,97580.3515625,97975.0390625,97240.1953125,97508.3828125,17047266288,0.07320640697474623,0.0,0.0,734.84375,3815.1104910714284,192.98939732142858,838.0323660714286,5.058553291525505,21.966136184854694,62.563467780477374,62.36227010080779,trending,98869.51171875,98753.42765625,1,0.0,7.320640697474623,0.0,57.26250847709042,77.69606467765858,0.7370065487184989,42.429693155862644,0,0.0,0.0
138,2025-02-16,96175.03125,97725.59375,96060.9765625,97580.4921875,16536755396,-1.4401672980240199,0.0,1179.21875,1664.6171875,3561.5412946428573,192.98939732142858,630.7170758928571,5.418704469655211,17.709104674472233,53.141221151670436,63.13656580376192,trending,98573.87890625,98773.6496875,0,-1.0,0.0,144.01672980240198,57.26250847709043,66.92871523732713,0.8555745956580725,46.10833742066005,0,0.0,-1.0
139,2025-02-17,95773.3828125,97032.234375,95243.546875,96179.0078125,27336550690,-0.41762236235300954,0.0,817.4296875,1788.6875,2884.2131696428573,192.98939732142858,333.87723214285717,6.691232095903849,11.576024811792953,26.740701904898078,59.97788983168398,trending,98295.92421875,98818.5128125,0,0.0,0.0,41.76223623530095,30.088472182990504,69.9117321112772,0.43037801059054354,30.088410714092163,0,0.0,0.0
140,2025-02-18,95539.546875,96695.375,93388.8359375,95773.8125,37325720482,-0.24415545387781457,0.0,1854.7109375,3306.5390625,2724.8582589285716,192.98939732142858,466.35658482142856,7.082548117468431,17.114893345124027,41.46035539817256,57.87061768055423,trending,97887.741015625,98876.43953125,0,0.0,0.0,24.415545387781457,30.088472182990504,46.765500777787686,0.6433903557658831,39.150184465214195,0,0.0,0.0
141,2025-02-19,96635.609375,96855.59375,95011.96875,95532.53125,28990872862,1.1472343504350446,160.21875,0.0,1843.625,2646.6612723214284,204.43359375,463.97935267857144,7.724206942835872,17.530741751157596,38.83015137803098,55.57260018901006,trending,97482.75625,98940.56765625,0,0.0,114.72343504350447,0.0,38.28300325752654,37.5962556220286,1.018266383822956,50.45252658344228,0,0.0,0.0
142,2025-02-20,98333.9375,98767.1953125,96442.671875,96632.6796875,31668022771,1.7574558032842136,1911.6015625,0.0,2324.5234375,2565.4659598214284,340.9765625,430.58816964285717,13.291018779439739,16.784014147388206,11.614269472112854,51.48186193731649,trending,97279.201953125,99018.85125,0,0.0,175.74558032842137,0.0,50.83625899527092,37.43251045220791,1.3580777345985462,57.592576982189854,0,0.0,0.0
143,2025-02-21,96125.546875,99497.96875,94852.9609375,98340.671875,49608706470,-2.245807176184722,0.0,1589.7109375,4645.0078125,2575.805245535714,270.5814732142857,544.1389508928571,10.504733371563981,21.12500360172562,33.576852817746,49.32934315070931,trending,97052.683984375,99003.6246875,0,0.0,0.0,224.5807176184722,50.83625899527092,52.99916483518915,0.9591898127707448,48.95849327708732,0,0.0,0.0
144,2025-02-22,96577.7578125,96950.15625,95765.34375,96134.203125,18353824477,0.47043783073406065,0.0,0.0,1184.8125,2576.483816964286,270.5814732142857,544.1389508928571,10.501966728170466,21.119439885866736,33.576852817746,47.17682436410214,trending,96997.123046875,98973.03125,0,0.0,47.04378307340606,0.0,54.196529214799924,52.65409628448022,1.029293692972836,50.72177066026165,0,0.0,0.0
145,2025-02-23,96273.921875,96671.875,95270.453125,96577.8046875,16999478976,-0.31460239332733453,0.0,494.890625,1401.421875,2492.2979910714284,270.5814732142857,511.11439732142856,10.856706308139497,20.507756261589837,30.770653034446767,44.899574229774224,trending,96740.548046875,98933.78515625,0,0.0,0.0,31.46023933273345,54.06593089333889,54.90125623681833,0.9847849502773446,49.616707852391535,0,0.0,0.0
146,2025-02-24,91418.171875,96503.453125,91371.7421875,96277.9609375,44046480529,-5.043681513571874,0.0,3898.7109375,5131.7109375,2643.679129464286,198.5859375,789.59375,7.511726188202022,29.867230905590386,59.80772727632089,45.99237116046388,trending,96417.865625,98795.849375,0,0.0,0.0,504.3681513571874,47.12692255318229,90.92755276233171,0.5182908933705012,34.13646855379149,0,0.0,0.0
147,2025-02-25,88736.171875,92511.078125,86008.234375,91437.1171875,92139104128,-2.9337712021491935,0.0,5363.5078125,6502.84375,2849.749441964286,198.5859375,1140.8582589285713,6.968540271495516,40.03363390930946,70.34800881895643,47.45760452324526,trending,96023.901953125,98529.01109375,0,0.0,0.0,293.37712021491933,47.12692255318229,99.49325798500885,0.47366950794076057,32.142180142048616,0,0.0,0.0
148,2025-02-26,84347.0234375,89286.25,82131.8984375,88638.890625,64597492134,-4.94629004695274,0.0,3876.3359375,7154.3515625,3071.5016741071427,198.5859375,1362.4654017857142,6.465434779804478,44.3582828969732,74.55741108542064,48.48025115457604,trending,95411.58828125,98277.4975,0,0.0,0.0,494.629004695274,31.174016226913306,134.8239011775284,0.2312202506725061,18.779763453875205,1,1.0,0.0
149,2025-02-27,84704.2265625,87000.78125,83144.9609375,84076.859375,52659591954,0.4234922709094535,0.0,0.0,3855.8203125,3143.9620535714284,198.5859375,1362.4654017857142,6.316422848501414,43.33593658479441,74.55741108542061,48.36312421620164,trending,94820.3453125,98070.7115625,0,0.0,42.34922709094535,0.0,34.19896101912369,125.61498176029077,0.27225224682502497,21.399234900503842,1,0.0,0.0
150,2025-02-28,84373.0078125,85036.3203125,78248.9140625,84705.625,83610570576,-0.3910297790814532,0.0,4896.046875,6787.40625,3451.8722098214284,147.98716517857142,1712.1830357142858,4.287156539500836,49.60157652542011,84.08885755641721,49.688138684131204,trending,94214.873046875,97908.4909375,0,0.0,0.0,39.10297790814532,27.65590473098228,128.40805161087258,0.21537516054515538,17.720878913515804,1,0.0,0.0
151,2025-03-01,86031.9140625,86522.3046875,83794.234375,84373.8671875,29190628396,1.9661575342751147,1485.984375,0.0,2728.0703125,3594.245535714286,254.12890625,1712.1830357142858,7.0704381135023615,47.636785486721706,74.15172019998688,50.515870999810446,trending,93691.4640625,97735.10015625,0,0.0,196.61575342751146,0.0,41.1769842116992,128.40805161087258,0.32067291493902444,24.28102456798169,1,0.0,0.0
152,2025-03-02,94248.3515625,95043.4375,85040.2109375,86036.2578125,58398341092,9.550452979612857,8521.1328125,0.0,10003.2265625,4189.860491071428,862.78125,1627.953125,20.5921235763955,38.85459022965466,30.720733719347336,48.91440761178738,trending,93532.00390625,97728.7353125,0,0.0,955.0452979612857,0.0,109.39450549464816,118.12114233927244,0.9261212965621406,48.08218974657197,0,0.0,0.0
153,2025-03-03,86065.671875,94429.75,85081.3046875,94248.421875,70072228536,-8.682040111941614,0.0,0.0,9348.4453125,4729.843191964285,862.78125,1569.5652901785713,18.241223122699136,33.18429864324396,29.057703271454173,49.079907709398526,trending,93047.916015625,97560.28,0,0.0,0.0,868.2040111941614,109.39450549464816,177.15269769347674,0.6175153238926735,38.17678353776433,0,0.0,0.0
154,2025-03-04,87222.1953125,88911.2734375,81529.2421875,86064.0703125,68095241474,1.3437685575495406,0.0,3552.0625,7382.03125,5020.949776785715,862.78125,1690.8046875,17.18362637262488,33.67499701585166,32.42590841922664,48.43459006804524,trending,92514.7328125,97414.3934375,0,0.0,134.37685575495405,0.0,118.99285233428775,175.40873016577805,0.6783747435023793,40.418550513145135,0,0.0,0.0
155,2025-03-05,90623.5625,90998.2421875,86379.7734375,87222.953125,50498988027,3.899657851208138,2086.96875,0.0,4618.46875,5219.152901785715,1000.40625,1690.8046875,19.167981257221157,32.39615162302482,25.653821032005226,47.49342361475768,trending,92214.717578125,97296.18375,0,0.0,389.9657851208138,0.0,138.6530201969527,175.40873016577805,0.7904567809476319,44.1483307142029,0,0.0,0.0
156,2025-03-06,89961.7265625,92804.9375,87852.140625,90622.359375,47749810486,-0.7303133084179958,1806.6953125,0.0,4952.796875,5406.88671875,992.9129464285714,1690.8046875,18.363857023032278,31.271317034193224,26.004663540173446,48.52130890533345,trending,91837.35546875,97085.3284375,0,0.0,0.0,73.03133084179959,126.09976445920832,180.6252537973352,0.6981292029114297,41.111665809320776,0,0.0,0.0
157,2025-03-07,86742.671875,91191.046875,84717.6796875,89963.28125,65945677657,-3.57824911826653,0.0,3134.4609375,6473.3671875,5537.483816964285,992.9129464285714,1801.1439732142858,17.930760237831237,32.52639705594109,28.92679175945435,48.18916168688405,trending,91295.471484375,96825.04375,0,0.0,0.0,357.82491182665296,126.09976445920832,190.14269624077664,0.6631848971970445,39.874393900203515,0,0.0,0.0
158,2025-03-08,86154.59375,86847.265625,85247.484375,86742.65625,18206118081,-0.6779571257010009,0.0,0.0,1599.78125,5567.124441964285,992.9129464285714,1801.1439732142858,17.835292829887514,32.35321918866208,28.92679175945436,47.857014468434635,trending,90794.449609375,96458.89484375,0,0.0,0.0,67.79571257010008,122.7394942396793,194.98524713864094,0.6294809276129875,38.630763757088495,0,0.0,0.0
159,2025-03-09,80601.0390625,86471.1328125,80052.484375,86154.3046875,30899345977,-6.44603432710168,0.0,5195.0,6418.6484375,5925.497767857143,992.9129464285714,2136.8660714285716,16.75661666458853,36.062220511161094,36.55060368393764,48.269868086255414,trending,90035.832421875,95982.75421875,0,0.0,0.0,644.603432710168,122.7394942396793,238.78118952274346,0.5140249719209502,33.950891263621,0,0.0,0.0
160,2025-03-10,78532.0,83955.9296875,77420.59375,80597.1484375,54061099422,-2.567012890361897,0.0,2631.890625,6535.3359375,6025.756696428572,992.9129464285714,2046.37890625,16.47781343407152,33.96052992751725,34.66155969499914,46.47371325901815,trending,89185.455078125,95531.60203125,0,0.0,0.0,256.70128903618973,122.7394942396793,221.09069935695788,0.5551544890701735,35.69770675337216,0,0.0,0.0
161,2025-03-11,82862.2109375,83577.7578125,76624.25,78523.875,54702837196,5.513944554449135,0.0,796.34375,6953.5078125,6057.946986607143,992.9129464285714,1720.1529017857142,16.390254794630835,28.39498109819405,26.805097850308552,43.36350533268616,trending,88496.78515625,95148.51296875,0,0.0,551.3944554449135,0.0,162.12481248574457,200.1351907701779,0.8100764881070718,44.753715847346726,0,0.0,0.0
162,2025-03-12,83722.359375,84358.578125,80635.25,82857.375,40353484454,1.0380466895202334,780.8203125,0.0,3723.328125,5812.873883928572,1048.685825892857,1443.271763392857,18.040746226961208,24.828884854756843,15.834376122472554,39.169002835332726,trending,87766.20625,94700.03484375,0,0.0,103.80466895202333,0.0,169.53943169660334,164.80454757765833,1.0287303001557884,50.70808574588703,0,0.0,0.0
163,2025-03-13,81066.703125,84301.6953125,79931.8515625,83724.921875,31412940153,-3.17197970748182,0.0,703.3984375,4369.84375,5849.58984375,1048.685825892857,1493.5145089285713,17.927510370890815,25.531952646634164,17.497782410879918,35.09331507286553,trending,87013.2640625,94248.3075,0,0.0,0.0,317.197970748182,166.51448690439298,187.4615454882428,0.8882594372659561,47.04117557871616,0,0.0,0.0
164,2025-03-14,83969.1015625,85263.2890625,80797.5625,81066.9921875,29588112414,3.580259620308812,961.59375,0.0,4465.7265625,5683.755580357143,1117.37109375,1143.796875,19.65902787254953,20.123963087943494,1.168678382818612,29.1704451318942,trending,86382.83125,93848.48609375,0,0.0,358.0259620308812,0.0,192.08776990659882,184.668475637661,1.0401762902050227,50.98462790686057,0,0.0,0.0
165,2025-03-15,84343.109375,84672.671875,83639.59375,83968.40625,13650491277,0.44541123525254633,0.0,0.0,1033.078125,5562.684709821428,1011.2293526785714,1143.796875,18.17880044312333,20.561957663725252,6.151550297567949,24.31329013886428,sideways,85786.290625,93438.95859375,0,0.0,44.54112352525463,0.0,181.2252963421519,184.668475637661,0.9813548073994773,49.529483751953684,0,0.0,0.0
166,2025-03-16,82579.6875,85051.6015625,82017.90625,84333.3203125,21330270174,-2.0907717157540473,0.0,1621.6875,3033.6953125,5064.861049107143,402.57700892857144,1259.6316964285713,7.948431457947688,24.87001487732077,51.561195939943815,25.8018945831926,trending,85344.36640625,92996.259375,0,0.0,0.0,209.07717157540472,113.00777505920291,199.60255932161846,0.5661639582341934,36.14972463499464,0,0.0,0.0
167,2025-03-17,84075.6875,84725.328125,82492.15625,82576.3359375,25092785558,1.8115835083536647,0.0,0.0,2233.171875,4556.627232142857,402.57700892857144,1259.6316964285713,8.834977899635001,27.643948742241115,51.56119593994383,27.409286916656146,trending,85111.3421875,92624.123125,0,0.0,181.15835083536646,0.0,125.94765726172909,137.58798709346408,0.9153971936239778,47.791507509313206,0,0.0,0.0
168,2025-03-18,82718.5,84075.71875,81179.9921875,84075.71875,24095774594,-1.6142449028442418,0.0,1312.1640625,2895.7265625,4236.176897321428,402.57700892857144,1099.638950892857,9.503309674889271,25.958286859743,46.40224578942344,28.407596728813058,trending,85029.916015625,92236.739375,0,0.0,0.0,161.4244902844242,116.3493104220895,149.1183078280658,0.7802483284362431,43.82806128634916,0,0.0,0.0
169,2025-03-19,86854.2265625,87021.1875,82569.7265625,82718.8046875,34931960257,4.9997601050550955,2945.46875,0.0,4451.4609375,4224.247767857143,463.8984375,1099.638950892857,10.981799908373373,26.031592163228552,40.66039725767784,29.479495030646813,trending,85137.416015625,91947.174375,0,0.0,499.9760105055095,0.0,124.20718366385348,149.1183078280658,0.8329438918195412,45.44295630308071,0,0.0,0.0
170,2025-03-20,84167.1953125,87443.265625,83647.1953125,86872.953125,29028988961,-3.093725379117185,422.078125,0.0,3796.0703125,4141.624441964285,364.99720982142856,1099.638950892857,8.812899743471624,26.550909342502372,50.15865105454944,31.20477985310225,trending,85127.125390625,91556.4540625,0,0.0,0.0,309.3725379117185,124.20718366385348,165.9998226187743,0.7482368457049536,42.7995124083566,0,0.0,0.0
171,2025-03-21,84043.2421875,84782.2734375,83171.0703125,84164.5390625,19030452299,-0.14727011460912154,0.0,476.125,1611.203125,3794.3270089285716,364.99720982142856,909.7578125,9.619550686130639,23.976789832800787,42.73453276430476,32.19104706773442,trending,85027.691796875,91142.6128125,0,0.0,0.0,14.727011460912154,124.20718366385348,141.4928297355071,0.877833766531027,46.74714994355826,0,0.0,0.0
172,2025-03-22,83832.484375,84513.875,83674.78125,84046.2578125,9863214091,-0.25077306278807887,0.0,0.0,839.09375,3739.9921875,364.99720982142856,909.7578125,9.759304071311742,24.325126013381546,42.73453276430476,33.17731428236659,trending,84506.8984375,90771.16203125,0,0.0,0.0,25.07730627880789,124.20718366385348,138.4415150004148,0.8971816269381431,47.29023379728289,0,0.0,0.0
173,2025-03-23,86054.375,86094.78125,83794.9140625,83831.8984375,12594615537,2.6503933905394295,1580.90625,0.0,2299.8671875,3445.793526785714,477.91908482142856,538.6863839285714,13.869637896361084,15.633159089223373,5.9774711995068595,30.993519104907246,trending,84506.33359375,90479.13140625,0,0.0,265.03933905394297,0.0,143.1385650248494,92.39841266397423,1.5491452818069738,60.77116486310481,0,0.0,0.0
174,2025-03-24,87498.9140625,88758.7265625,85541.1953125,86070.9296875,34582604933,1.6786352378946434,2663.9453125,0.0,3217.53125,3208.8074776785716,668.2008928571429,350.69419642857144,20.82396334168843,10.92911303866329,31.161863450647914,30.743540801739304,trending,84520.16953125,90275.33015625,0,0.0,167.86352378946435,0.0,155.12881672409685,74.06260630424639,2.0945632953670783,67.6852626831994,0,0.0,0.0
175,2025-03-25,87471.703125,88542.3984375,86346.078125,87512.8203125,30005840049,-0.031098600241552532,0.0,0.0,2196.3203125,2869.008370535714,668.2008928571429,293.8125,23.29030823748951,10.240907730260055,38.91717055468675,31.608688852052033,trending,84362.5765625,89996.65578125,0,0.0,0.0,3.109860024155253,115.7434984780316,74.28473916311462,1.558106009147878,60.908578595884435,0,0.0,0.0
176,2025-03-26,86900.8828125,88292.15625,85861.453125,87460.234375,26704046038,-0.652577110204744,0.0,484.625,2430.703125,2776.6780133928573,612.4280133928571,328.42857142857144,22.05614084308334,11.828111500305377,30.18520001304852,32.63374770137889,trending,84209.534375,89777.23703125,0,0.0,0.0,65.2577110204744,108.32887926717278,78.94600423600563,1.3721895150428174,57.844852038225525,0,0.0,0.0
177,2025-03-27,87177.1015625,87786.7265625,85837.9375,86896.2578125,24413471941,0.3178549412391707,0.0,23.515625,1948.7890625,2603.745535714286,612.4280133928571,279.86551339285717,23.521039402371922,10.74857391223838,37.270527020181476,34.04608660204328,trending,84231.255859375,89588.47015625,0,0.0,31.78549412391707,0.0,110.59927170459545,56.28900632542123,1.964846760043917,66.27144399243124,0,0.0,0.0
178,2025-03-28,84353.1484375,87489.859375,83557.640625,87185.234375,34198619509,-3.2393289916566204,0.0,2280.296875,3932.21875,2565.6378348214284,543.7427455357143,442.74386160714283,21.193277482734015,17.2566780703855,10.238241776144601,34.69391255870942,trending,84141.18359375,89343.6671875,0,0.0,0.0,323.93289916566204,85.02598870238965,79.42707055153993,1.0704913087184376,51.70228458389592,0,0.0,0.0
179,2025-03-29,82597.5859375,84567.3359375,81634.140625,84352.0703125,16969396135,-2.0812056603918605,0.0,1923.5,2933.1953125,2701.3604910714284,543.7427455357143,580.13671875,20.12847775529774,21.475723831287063,3.238245236326656,34.48581934004933,trending,84241.0109375,89065.0371875,0,0.0,0.0,208.12056603918606,81.84447987915716,94.29282526862464,0.8679820510839059,46.46629503641403,0,0.0,0.0
180,2025-03-30,82334.5234375,83505.0,81573.25,82596.984375,14763760943,-0.3184869109843613,0.0,60.890625,1931.75,2622.6501116071427,543.7427455357143,468.65122767857144,20.732569057887495,17.869376689038596,7.417222923476334,31.332678410301657,trending,84431.137109375,88782.07859375,0,0.0,0.0,31.848691098436134,81.84447987915716,81.63364809169832,1.002582657916035,50.064483178904645,0,0.0,0.0
181,2025-03-31,82548.9140625,83870.125,81293.890625,82336.0625,29004228247,0.26038970780313253,365.125,0.0,2576.234375,2647.1545758928573,569.8231026785714,468.65122767857144,21.525871887793937,17.70396152708613,9.74235684431466,28.345618474899574,trending,84415.472265625,88503.055,0,0.0,26.038970780313253,0.0,70.76452416093909,81.63364809169832,0.866854854770792,46.433971690703416,0,0.0,0.0
182,2025-04-01,85169.171875,85487.3671875,82429.359375,82551.921875,28175650319,3.17418810684309,1617.2421875,0.0,3058.0078125,2658.74609375,685.3404017857143,374.9252232142857,25.77682778347154,14.10158059453795,29.27711426760898,27.122394794769967,trending,84487.812890625,88257.68734375,0,0.0,317.418810684309,0.0,93.43729635267543,70.1033273570966,1.3328510910290867,57.13399780013941,0,0.0,0.0
183,2025-04-02,82485.7109375,88466.953125,82343.5390625,85180.609375,47584398470,-3.1507420800550134,2979.5859375,0.0,6123.4140625,2778.171316964286,687.77734375,374.9252232142857,24.75647702322173,13.495396087523046,29.439292823899642,26.320887335214383,trending,84558.76328125,87992.45296875,0,0.0,0.0,315.07420800550136,57.72472417371047,92.60862792891812,0.6233190736614429,38.3978161641093,0,0.0,0.0
184,2025-04-03,83102.828125,83909.296875,81282.1015625,82487.4765625,36852112080,0.7481504135517403,0.0,1061.4375,2627.1953125,2694.680245535714,657.62890625,450.7421875,24.40471025604971,16.727112177659894,18.665834928086333,24.071400469038444,sideways,84515.449609375,87696.79234375,0,0.0,74.81504135517403,0.0,63.06865569908005,70.51058950665252,0.8944565084529559,47.214412390146855,0,0.0,0.0
185,2025-04-04,83843.8046875,84696.1484375,81670.75,83100.25,45157640207,0.8916382019940938,786.8515625,0.0,3025.3984375,2795.6941964285716,713.8325892857143,416.73325892857144,25.53328580062932,14.906253318440108,26.278817003574584,22.895992200414863,sideways,84490.484375,87441.19109375,0,0.0,89.16382019940939,0.0,69.43749999903785,69.45866011658737,0.9996953566695068,49.99238275646645,0,0.0,0.0
186,2025-04-05,83504.796875,84207.015625,82377.734375,83844.703125,14380803631,-0.4043325726492686,0.0,0.0,1829.28125,2866.421875,713.8325892857143,416.73325892857144,24.903263386019,14.538448180401616,26.278817003574577,21.72058393179128,sideways,84536.73984375,87161.10765625,0,0.0,0.0,40.43325726492686,69.43749999903785,70.55551375845302,0.9841541263062348,49.600689445349076,0,0.0,0.0
187,2025-04-06,78214.484375,83704.71875,77097.7421875,83504.5078125,36294853736,-6.3353396427263675,0.0,5279.9921875,6606.9765625,3174.0725446428573,600.9107142857143,793.8755580357143,18.931851929468994,25.011260671266104,13.834724902248757,22.281816339129985,sideways,84243.6796875,86773.7903125,0,0.0,0.0,633.5339642726367,50.50611863804193,115.80793977792707,0.4361196541005073,30.367919055718545,0,0.0,0.0
188,2025-04-07,79235.3359375,81119.0625,74436.6796875,78221.3359375,91262424987,1.305195029613082,0.0,2661.0625,6682.3828125,3421.561941964286,410.62890625,983.9514508928571,12.00121211350223,28.757376531023137,41.11075720422809,22.992451607242856,sideways,84069.521484375,86434.99640625,0,0.0,130.5195029613082,0.0,47.83868857888792,115.80793977792707,0.4130864314711343,29.232920384146553,1,1.0,1.0
189,2025-04-08,76271.953125,80823.890625,76198.0234375,79218.4765625,48314590749,-3.739976334343409,0.0,0.0,4625.8671875,3595.101004464286,410.62890625,983.9514508928571,11.421901797476446,27.36922967313064,41.1107572042281,23.149136367924378,sideways,83540.4078125,86044.9678125,0,0.0,0.0,373.9976334343409,47.83868857888792,142.2999235929403,0.33618211008836596,25.159902048541355,1,0.0,0.0
190,2025-04-09,82573.953125,83541.0,74589.671875,76273.5625,84213627038,8.26253916648998,2717.109375,0.0,8951.328125,4060.859933035714,604.7081473214286,949.3353794642857,14.89113530860879,23.377693274798713,22.176163421603924,22.577062325678334,sideways,83460.745703125,85785.6559375,0,0.0,826.2539166489979,0.0,106.85682548238778,137.6386585200493,0.7763576500334922,43.70503034784997,0,0.0,0.0
191,2025-04-10,79626.140625,82700.9296875,78456.1328125,82565.9765625,44718000633,-3.56990599146636,0.0,0.0,4244.796875,4224.860491071428,604.7081473214286,947.6556919642857,14.313091487858195,22.4304611706589,22.091956535180366,21.492878719606832,sideways,83239.890625,85445.4665625,0,0.0,0.0,356.990599146636,104.58643304496513,163.1379870305233,0.6410918446933938,39.064958293858886,0,0.0,0.0
192,2025-04-11,83404.8359375,84247.4765625,78936.3203125,79625.046875,41656778779,4.745546227457886,1546.546875,0.0,5311.15625,4323.356026785715,715.17578125,784.77734375,16.54214403854479,18.15204065748567,4.640249174453367,21.093022105200312,sideways,83218.508203125,85146.88453125,0,0.0,474.5546227457886,0.0,138.48319181252145,139.99992280440458,0.9891662012271095,49.72767990009565,0,0.0,0.0
193,2025-04-12,85287.109375,85856.1875,82769.375,83404.515625,24258059104,2.256791727173346,1608.7109375,0.0,3086.8125,4334.328683035715,830.0837053571429,647.3844866071429,19.151378819193788,14.936211209384382,12.365695569195465,21.744982843262367,sideways,83180.144921875,84930.11578125,0,0.0,225.6791727173346,0.0,154.60313272090252,125.13416808731985,1.235498945523967,55.267256913618674,0,0.0,0.0
194,2025-04-13,83684.9765625,86015.1875,83027.0078125,85279.46875,28796984817,-1.878516957885823,159.0,0.0,2988.1796875,4409.787946428572,841.4408482142857,643.03515625,19.08120885712333,14.581997231199873,13.365368747464917,22.169850402118698,sideways,82989.448046875,84672.26015625,0,0.0,0.0,187.8516957885823,154.60313272090252,136.27723985090174,1.1344750810190374,53.150073810063795,0,0.0,0.0
195,2025-04-14,84542.390625,85785.0,83690.640625,83694.5234375,34090769777,1.0245734631468162,0.0,0.0,2100.0234375,4375.772879464285,815.3604910714286,643.03515625,18.63351946116662,14.695350374965649,11.816089491074043,22.31797416260151,sideways,82842.982421875,84437.62953125,0,0.0,102.45734631468162,0.0,160.06158811621452,136.27723985090174,1.1745291311398351,54.01303272144143,0,0.0,0.0
196,2025-04-15,83668.9921875,86429.3515625,83598.8203125,84539.6953125,28040322885,-1.033089354397465,644.3515625,0.0,2830.53125,4359.524553571428,745.8683035714286,643.03515625,17.108936866989204,14.750121219599738,7.403908932205402,20.755602352929827,sideways,82681.387890625,84282.6459375,0,0.0,0.0,103.3089354397465,137.38881592447817,143.65644952516934,0.956370677255301,48.88494232580941,0,0.0,0.0
197,2025-04-16,84033.8671875,85428.28125,83100.6171875,83674.5078125,29617804112,0.4360934564412222,0.0,498.203125,2327.6640625,4088.3995535714284,533.0407366071429,678.62109375,13.03788266343744,16.59869797112147,12.014933003208208,19.51100522288044,sideways,82524.226171875,84188.59984375,0,0.0,43.60934564412222,0.0,140.5037691847726,121.15114895334781,1.159739469238356,53.69811895169673,0,0.0,0.0
198,2025-04-17,84895.75,85449.0703125,83749.75,84030.671875,21276866029,1.025637449930672,20.7890625,0.0,1699.3203125,4022.1227678571427,534.5256696428571,602.8041294642857,13.289640831317417,14.98721357492129,6.003400234042081,18.60654560187728,sideways,82551.35625,84199.574375,0,0.0,102.56374499306719,0.0,142.4858194446221,121.15114895334781,1.1760996133803876,54.04622132869257,0,0.0,0.0
199,2025-04-18,84450.8046875,85095.046875,84298.8828125,84900.1875,12728372364,-0.5241078764249063,0.0,0.0,796.1640625,3862.8917410714284,478.32198660714283,602.8041294642857,12.382484901698886,15.604996719299447,11.5141185664336,17.551924284938636,sideways,82644.0171875,84194.5059375,0,0.0,0.0,52.41078764249063,136.1169751446643,124.89477664209714,1.0898532252852007,52.14974966179595,0,0.0,0.0
200,2025-04-19,85063.4140625,85597.703125,84353.4609375,84450.8671875,15259300427,0.7254038339443714,502.65625,0.0,1244.2421875,3821.1032366071427,514.2260044642857,602.8041294642857,13.45752712300127,15.7756567184385,7.929788311840133,16.241279378386174,sideways,82780.46171875,84208.3140625,0,0.0,72.54038339443713,0.0,141.29843110140982,122.00668683745951,1.1581203847429384,53.66338193783783,0,0.0,0.0
201,2025-04-20,85174.3046875,85306.3828125,83976.84375,85066.0703125,14664050812,0.13036230231544543,0.0,376.6171875,1329.5390625,3444.1434151785716,514.2260044642857,252.56305803571428,14.930446920359271,7.333116760546379,34.124501668745616,17.690549147421667,sideways,82911.73125,84191.161875,0,0.0,13.036230231544543,0.0,142.22959040366302,76.75426081798547,1.8530513992043427,64.949807764456,0,0.0,0.0
202,2025-04-21,87518.90625,88460.09375,85143.8359375,85171.5390625,41396190190,2.7527099529631727,3153.7109375,0.0,3316.2578125,3203.7059151785716,739.4910714285714,62.48716517857143,23.082364330789485,1.9504650811586262,84.41674291738134,20.783833841218325,sideways,83029.21796875,84056.57296875,0,0.0,275.27099529631727,0.0,152.5689827133065,76.75426081798547,1.9877591300775803,66.53009976831586,0,0.0,0.0
203,2025-04-22,93441.890625,93817.3828125,87084.53125,87521.875,55899038456,6.767662701452015,5357.2890625,0.0,6732.8515625,3354.2047991071427,1122.154575892857,62.48716517857143,33.455159809906775,1.8629502049250217,89.45045358235377,24.23666929679873,sideways,83577.026953125,84204.09734375,0,0.0,676.7662701452015,0.0,200.9094305808209,50.04014414410396,4.014965064893668,80.05968163167647,-1,-1.0,-1.0
204,2025-04-23,93699.109375,94535.734375,91962.9609375,93427.5859375,41719568821,0.27527134594511615,718.3515625,0.0,2572.7734375,2898.59375,979.3861607142857,62.48716517857143,33.788320999253024,2.1557751988726057,88.00484403897728,28.938717912325398,trending,84106.841015625,84333.635625,0,0.0,27.527134594511615,0.0,143.857517576929,50.040144144103955,2.874842189955586,74.19249737209395,-1,0.0,0.0
205,2025-04-24,93943.796875,94016.1953125,91696.7109375,93692.3984375,31483175315,0.26114175645013393,0.0,266.25,2319.484375,2761.0714285714284,979.3861607142857,81.50502232142857,35.47123593325573,2.9519345815547795,84.6346121779985,33.40605045824098,trending,84611.840625,84400.0403125,1,1.0,26.114175645013393,0.0,145.7228158372871,24.54081563362996,5.937977694498187,85.58657804862936,-1,0.0,1.0
206,2025-04-25,94720.5,95768.390625,92898.59375,93954.25,40915232364,0.8267742531563593,1752.1953125,0.0,2869.796875,2586.6886160714284,994.0753348214286,81.50502232142857,38.43042137523283,3.1509406201823986,84.84445689619392,39.13492243836531,trending,85172.62578125,84495.21578125,1,0.0,82.67742531563593,0.0,117.73158744941907,24.54081563362996,4.797378750854695,82.75082510604345,-1,0.0,0.0
207,2025-04-26,94646.9296875,95251.359375,93927.25,94714.6484375,17612825123,-0.07767095032226168,0.0,0.0,1324.109375,2460.78125,879.1674107142857,81.50502232142857,35.727166350698006,3.312160409277686,83.03167249967325,44.18249221911372,trending,85994.248046875,84653.3009375,1,0.0,0.0,7.767095032226168,101.61164654103801,25.09560813593183,4.048981239691527,80.19402424911573,-1,0.0,0.0
208,2025-04-27,93754.84375,95301.203125,93665.3984375,94660.90625,18090367764,-0.942540809771053,0.0,261.8515625,1635.8046875,2364.183035714286,867.8102678571429,100.20870535714286,36.70656014139587,4.23861874666007,79.2961278384034,48.89183215418075,trending,86720.2234375,84805.3059375,1,0.0,0.0,94.2540809771053,101.61164654103801,18.41006422082633,5.519353182162729,84.66105498416546,-1,0.0,0.0
209,2025-04-28,94978.75,95598.4921875,92860.8046875,93755.3046875,32363449569,1.3054325526514532,0.0,804.59375,2737.6875,2409.73046875,867.8102678571429,157.6796875,36.0127524265111,6.543457434133421,69.24793135685358,52.99410657316501,trending,87655.56328125,85092.86015625,1,0.0,130.54325526514532,0.0,103.61778289464257,18.41006422082633,5.6283227289030995,84.91322705758645,-1,0.0,0.0
210,2025-04-29,94284.7890625,95485.4140625,93796.6328125,94981.859375,25806129921,-0.7306486319308303,0.0,0.0,1688.78125,2328.1768973214284,821.78515625,157.6796875,35.29736753231531,6.772667819245641,67.80288981148028,57.30831949311322,trending,88241.105078125,85407.9159375,1,0.0,0.0,73.06486319308303,103.61778289464257,16.24977334606465,6.376567887313739,86.44355999597312,-1,0.0,0.0
211,2025-04-30,94207.3125,95249.3203125,92979.640625,94286.46875,28344679831,-0.08217291810309613,0.0,816.9921875,2269.6796875,2324.03515625,821.78515625,180.45033482142858,35.36027215595182,7.764526897802972,63.99043210323351,61.02085514311502,trending,88970.163671875,85634.81796875,1,0.0,0.0,8.217291810309613,100.50282963434813,16.83672276108677,5.969263202850346,85.65128090454365,-1,0.0,0.0
212,2025-05-01,96492.3359375,97437.9609375,94153.6328125,94212.859375,32875889623,2.425526614507767,2188.640625,0.0,3284.328125,2437.25,976.6316964285714,180.45033482142858,40.07105124335097,7.40385002857436,68.80941368928055,65.50699896134634,trending,89624.538671875,85890.2175,1,0.0,242.5526614507767,0.0,110.50203795275596,16.83672276108677,6.563155996614113,86.77800642420067,-1,0.0,0.0
213,2025-05-02,96910.0703125,97905.8984375,96375.9453125,96494.96875,26421924677,0.43291974532626565,467.9375,0.0,1529.953125,2489.663504464286,1010.0558035714286,180.45033482142858,40.56997267945122,7.247980881667663,69.68510635904315,69.6620695179613,trending,90205.68671875,86207.08484375,1,0.0,43.29197453262657,0.0,113.59432184794356,13.093095072337437,8.67589528834485,89.66503904600378,-1,0.0,0.0
214,2025-05-03,95891.796875,96943.8828125,95821.2890625,96904.6328125,15775154889,-1.0507405827035687,0.0,554.65625,1122.59375,2480.9743303571427,974.1517857142857,220.06863839285714,39.26488774166616,8.870250518117118,63.14438541655471,73.60596931115522,trending,90816.027734375,86445.53875,1,0.0,0.0,105.07405827035687,108.41286589119805,20.5983849487915,5.263173115791226,84.03365224763279,-1,0.0,0.0
215,2025-05-04,94315.9765625,96318.921875,94173.4296875,95877.1875,18198688416,-1.6433317174712747,0.0,1647.859375,2145.4921875,2539.2566964285716,974.1517857142857,310.8716517857143,38.363659219031156,12.242624080619766,51.61618960187809,74.85537559209322,trending,91304.70703125,86644.99609375,1,0.0,0.0,164.33317174712747,107.48170658894487,32.33646864501489,3.323854183611192,76.87248557570874,-1,0.0,0.0
216,2025-05-05,94748.0546875,95193.1875,93566.265625,94319.5625,25816260327,0.45811763897039004,0.0,607.1640625,1626.921875,2418.58984375,748.88671875,354.24051339285717,30.963775056164895,14.646572435928645,35.7752210133124,71.38098117037403,trending,91858.66015625,86888.3634375,1,0.0,45.811763897039,0.0,91.09176148899643,32.33646864501489,2.8169978141085443,73.80139972038342,-1,0.0,0.0
217,2025-05-06,96802.4765625,96889.1796875,93399.859375,94748.3828125,26551275827,2.168299794413664,1695.9921875,0.0,3489.3203125,2186.9090401785716,487.36551339285717,354.24051339285717,22.285586846038253,16.198228041708205,15.81797132661167,66.12151815210673,trending,92497.090625,87142.89921875,1,0.0,216.8299794413664,0.0,58.239169295865345,32.33646864501489,1.8010367778623753,64.29893359832445,0,0.0,0.0
218,2025-05-07,97032.3203125,97625.8046875,95829.3359375,96800.1953125,76983822462,0.23743581586117557,736.625,0.0,1796.46875,2131.4587053571427,488.67075892857144,354.24051339285717,22.92658814831183,16.61962826220935,15.948326941397426,60.97462407370818,trending,93103.919140625,87429.175625,1,0.0,23.743581586117557,0.0,57.96891550955149,32.33646864501489,1.7926792237558753,64.19209225701547,0,0.0,0.0
219,2025-05-08,103241.4609375,103969.5390625,96913.875,97034.25,69895404397,6.3990437464578775,6343.734375,0.0,7055.6640625,2469.757254464286,941.7946428571429,335.22265625,38.133085393504686,13.57310139059448,47.499120570351096,58.32208895887622,trending,94043.451953125,87756.9203125,1,0.0,639.9043746457878,0.0,101.81107258103539,32.33646864501489,3.1484907550884027,75.89484805351361,-1,-1.0,0.0
220,2025-05-09,102970.8515625,104297.4921875,102343.09375,103239.125,58198593958,-0.2621130818400763,327.953125,0.0,1954.3984375,2404.371651785714,840.0630580357143,335.22265625,34.938985302534405,13.942214632294133,42.954695666707195,55.32996315677002,trending,94938.823828125,88132.9934375,1,0.0,0.0,26.21130818400763,95.9055422013471,34.208704943872576,2.803542032903692,73.70871699723055,-1,0.0,0.0
221,2025-05-10,104696.328125,104961.765625,102830.484375,102973.7109375,42276713994,1.6756941758927724,664.2734375,0.0,2131.28125,2462.026785714286,887.5111607142857,335.22265625,36.0479896426797,13.61571930066329,45.1683348249472,52.625439037146734,trending,95914.925,88546.05515625,1,0.0,167.56941758927724,0.0,107.87478631486691,33.65391244157071,3.205415908244163,76.22113907831013,-1,0.0,0.0
222,2025-05-11,104106.359375,104937.9921875,103364.7421875,104701.0703125,46285517406,-0.5635047193781384,0.0,0.0,1573.25,2457.55859375,887.5111607142857,316.5189732142857,36.11353002819063,12.879406986236205,47.423413368977506,50.34881657504487,trending,96744.29765625,88951.53265625,1,0.0,0.0,56.350471937813836,107.87478631486691,30.946511795907032,3.485846386381239,77.70766286077159,-1,0.0,0.0
223,2025-05-12,102812.953125,105747.453125,100814.40625,104106.9609375,63250475404,-1.242389281274392,0.0,2550.3359375,4933.046875,2614.3699776785716,887.5111607142857,441.21484375,33.94742015444771,16.876526563458185,33.58828798900665,47.80169919162724,trending,97212.85078125,89286.70421875,1,0.0,0.0,124.2389281274392,98.55026808164223,39.820720947866974,2.4748489162379452,71.22177038181411,-1,0.0,0.0
224,2025-05-13,104169.8125,104997.421875,101515.09375,102812.4921875,52608876410,1.3197358248725033,0.0,0.0,3482.328125,2742.48046875,887.5111607142857,441.21484375,32.36162192683932,16.088167218602003,33.58828798900665,45.357799061450564,trending,97736.3859375,89620.1221875,1,0.0,131.97358248725033,0.0,107.97695254501726,34.601802148361045,3.120558636860818,75.73144594875043,-1,0.0,0.0
225,2025-05-14,103539.4140625,104303.5625,102618.296875,104167.328125,45956071155,-0.6051642240404331,0.0,0.0,1685.265625,2700.7366071428573,887.5111607142857,382.85825892857144,32.861818452307155,14.176068036993875,39.72489371852078,43.62454631968536,trending,98216.166796875,89941.47640625,1,0.0,0.0,60.51642240404331,107.97695254501726,38.33745433362774,2.8164872817417392,73.79789512769901,-1,0.0,0.0
226,2025-05-15,103744.640625,104153.6171875,101440.8125,103538.828125,50408241840,0.198211052629782,0.0,1177.484375,2712.8046875,2659.913504464286,731.1796875,466.9642857142857,27.48885203495599,17.5556191932765,22.052057823810454,40.284735186437494,trending,98667.373828125,90278.3515625,1,0.0,19.8211052629782,0.0,92.06755567446022,38.33745433362774,2.401504149786572,70.601241216691,-1,0.0,0.0
227,2025-05-16,103489.2890625,104533.484375,103137.4765625,103735.65625,44386499364,-0.24613470244020386,379.8671875,0.0,1396.0078125,2650.3459821428573,724.8889508928571,466.9642857142857,27.35072914166361,17.618993477098254,21.640639741249302,36.85298757088079,trending,99109.491796875,90604.5953125,1,0.0,0.0,24.613470244020384,88.97527177927262,40.095559351057766,2.2190804472946044,68.93522804500195,0,0.0,0.0
228,2025-05-17,103191.0859375,103716.9453125,102659.1796875,103489.2890625,37898552742,-0.28814878109744146,0.0,478.296875,1057.765625,2645.715401785714,724.8889508928571,461.51004464285717,27.398598897054327,17.443676834302092,22.199859173942755,33.92837855355137,trending,99581.30390625,90981.3540625,1,0.0,0.0,28.814878109744146,88.97527177927262,34.64847505387114,2.567941926475398,71.97263799111627,-1,-1.0,0.0
229,2025-05-18,106446.0078125,106597.171875,103142.6015625,103186.953125,49887082058,3.154266519659865,2880.2265625,0.0,3454.5703125,2739.2209821428573,930.6194196428571,343.80580357142856,33.97387161202472,12.551225542324582,46.04535482995223,33.53046178412809,trending,100154.666796875,91458.3225,1,0.0,315.42665196598654,0.0,111.50574691970021,22.91039135764775,4.867038069276731,82.95562448731006,-1,0.0,0.0
230,2025-05-19,105606.1796875,107068.71875,102112.6875,106430.53125,61761126647,-0.7889709931436006,0.0,1029.9140625,4956.03125,2977.0145089285716,930.6194196428571,374.00223214285717,31.260157343935397,12.562996620310752,42.66502757624209,34.022590824337364,trending,100720.736328125,91923.755625,1,0.0,0.0,78.89709931436006,108.23347806991173,28.54589845153061,3.79155969652475,79.12996887578619,-1,0.0,0.0
231,2025-05-20,106791.0859375,107307.1171875,104206.515625,105605.40625,36515726122,1.1220046530480143,238.3984375,0.0,3100.6015625,2949.2488839285716,826.5055803571429,374.00223214285717,28.024273734951432,12.681270617102495,37.69266168055742,35.58506870676205,trending,101349.925,92408.5990625,1,0.0,112.20046530480144,0.0,100.75994134587138,28.54589845153061,3.5297519717922454,77.92373608473007,-1,0.0,0.0
232,2025-05-21,109678.078125,110724.4609375,106127.234375,106791.3125,78086364051,2.7034018449719976,3417.34375,0.0,4597.2265625,3149.3030133928573,1017.9854910714286,374.00223214285717,32.32415193908941,11.875714421646938,46.26357317588462,37.750443437796854,trending,102009.212109375,92898.7771875,1,0.0,270.34018449719974,0.0,118.37398441094867,28.54589845153061,4.146794840314495,80.57043206449444,-1,0.0,0.0
233,2025-05-22,111673.28125,111970.171875,109285.0703125,109673.4921875,70157575642,1.8191448638679386,1245.7109375,0.0,2685.1015625,2837.1199776785716,653.8409598214286,374.00223214285717,23.045939719349605,13.182460914073804,27.22581906134715,36.302350472868,trending,102747.37265625,93482.52859375,1,0.0,181.91448638679387,0.0,85.66042096387767,28.54589845153061,3.000796107690372,75.00497468296898,-1,0.0,0.0
234,2025-05-23,107287.796875,111798.90625,106841.3046875,111679.359375,67548133399,-3.9270668202023518,0.0,2443.765625,4957.6015625,3051.6344866071427,630.4157366071429,548.5569196428571,20.658297688464305,17.975839572214028,6.943232867219925,33.73010313004748,trending,103317.17265625,93966.22796875,1,0.0,0.0,392.7066820202352,85.66042096387767,54.724139439832584,1.5653132573799269,61.018405954002425,0,0.0,0.0
235,2025-05-24,107791.15625,109454.5234375,106895.2890625,107278.5078125,45903627163,0.4691674073487251,0.0,0.0,2559.234375,3082.202566964286,582.9676339285714,548.5569196428571,18.913994822304826,17.797562221328633,3.041093025962529,30.721014430120004,trending,103990.931640625,94445.175,1,0.0,46.916740734872505,0.0,77.04237261713448,54.724139439832584,1.4078315969105382,58.46885632354485,0,0.0,0.0
236,2025-05-25,109035.390625,109313.3046875,106683.375,107802.2734375,47518041841,1.1543009819045436,0.0,211.9140625,2629.9296875,3157.6796875,582.9676339285714,563.6936383928571,18.46189897716063,17.851514218630104,1.680879611177057,27.453690590277116,trending,104705.2984375,94955.786875,1,0.0,115.43009819045436,0.0,85.28737963073836,50.69910572998874,1.6822265087861403,62.717540941292214,0,0.0,0.0
237,2025-05-26,109440.3671875,110376.8828125,108735.640625,109023.78125,45950461571,0.3714175371671846,1063.578125,0.0,1641.2421875,2922.55078125,658.9375,381.5267857142857,22.54665698976039,13.054581913923268,26.66220437304775,26.95897033199434,trending,105337.19296875,95580.30453125,1,0.0,37.14175371671846,0.0,87.94036203907538,41.82489657802879,2.102584088283716,67.76880266432428,0,0.0,0.0
238,2025-05-27,108994.640625,110744.2109375,107609.5546875,109440.40625,57450176272,-0.4072780217708405,0.0,1126.0859375,3134.65625,2897.7170758928573,658.9375,461.9614955357143,22.739883941118208,15.942256729579876,17.57303782488845,25.81502389170018,trending,105935.308984375,96175.490625,1,0.0,0.0,40.72780217708405,78.51367757570037,44.73402530496337,1.75512212550631,63.703968301723485,0,0.0,0.0
239,2025-05-28,107802.328125,109298.2890625,106812.9296875,108992.171875,49155377493,-1.0939184653144474,0.0,796.625,2485.359375,2954.866629464286,658.9375,518.86328125,22.300075862289077,17.559617617803255,11.89286176235503,23.827021609116912,sideways,106163.35234375,96806.098125,1,0.0,0.0,109.39184653144474,78.51367757570037,48.225127028349185,1.6280657494078976,61.94920160481907,0,0.0,0.0
240,2025-05-29,105641.7578125,108910.046875,105374.3984375,107795.5703125,56022752042,-2.004196337944353,0.0,1438.53125,3535.6484375,3013.641183035714,658.9375,537.5094866071429,21.8651611117232,17.83588204305386,10.149050877481827,22.976806827236295,sideways,106296.89765625,97267.45421875,1,0.0,0.0,200.41963379443527,77.09788434263048,62.54081515652313,1.232761104083387,55.21240502751731,0,0.0,0.0
241,2025-05-30,103998.5703125,106308.9453125,103685.7890625,105646.2109375,57655287183,-1.5554336978341854,0.0,1688.609375,2623.15625,3101.2946428571427,631.8041294642857,658.1244419642857,20.372270365198865,21.220958269156025,2.040447283902761,21.57679308028297,sideways,106262.009765625,97754.9028125,1,0.0,0.0,155.54336978341854,77.09788434263048,71.89295083790871,1.0723983845990257,51.7467294207777,0,0.0,0.0
242,2025-05-31,104638.09375,104927.1015625,103136.1171875,103994.71875,38997843858,0.6149348357177731,0.0,549.671875,1790.984375,3153.667410714286,631.8041294642857,663.22265625,20.033949278157586,21.030202931252802,2.426090883393209,20.164381059529433,sideways,106288.596484375,98179.56796875,1,0.0,61.493483571777304,0.0,81.49027602632887,69.83474525864128,1.166901600693465,53.85115781538147,0,0.0,0.0
243,2025-06-01,105652.1015625,105884.546875,103826.953125,104637.296875,37397056873,0.9690618169351017,957.4453125,0.0,2057.59375,3053.883370535714,494.46261160714283,663.22265625,16.191273588827457,21.717353801028004,14.577368247522868,17.91666773221305,sideways,106430.55390625,98586.8678125,1,0.0,96.90618169351018,0.0,65.88167100686628,69.83474525864128,0.943393875969128,48.54362708633514,0,0.0,0.0
244,2025-06-02,105881.53125,105958.3125,103727.546875,105649.8125,45819706290,0.21715582000447764,0.0,99.40625,2230.765625,2859.2215401785716,494.46261160714283,596.7578125,17.293609629712755,20.871338723292133,9.37438473776341,15.538764672321715,sideways,106516.13984375,99030.79890625,1,0.0,21.715582000447764,0.0,67.43278400689826,64.19923816475841,1.0503673553546133,51.22825198184796,0,0.0,0.0
245,2025-06-03,105432.46875,106813.578125,104920.84375,105888.4765625,46196508367,-0.42411787466475337,855.265625,0.0,1892.734375,2772.9453125,538.5245535714286,596.7578125,19.420669825107794,21.52072057858155,5.129407508555241,13.212817945750132,sideways,106610.792578125,99448.60046875,1,0.0,0.0,42.41178746647534,59.4184650565553,67.22865155522094,0.8838265186346862,46.91655573864861,0,0.0,0.0
246,2025-06-04,104731.984375,105997.6953125,104232.703125,105434.3671875,44544857105,-0.6643915136436584,0.0,688.140625,1764.9921875,2570.6428571428573,294.42857142857144,645.9107142857143,11.453499680457918,25.12642751951985,37.378225944283024,12.578150286350015,sideways,106660.159765625,99869.8603125,1,0.0,0.0,66.43915136436584,40.108451878183885,71.97430522410421,0.5572607023200767,35.784676354437295,0,0.0,0.0
247,2025-06-05,101575.953125,105936.6875,100436.8828125,104750.78125,57479298400,-3.0134359325224014,0.0,3795.8203125,5499.8046875,2771.6930803571427,205.44921875,917.0407366071429,7.412408690053342,33.08594097615523,63.39402098531347,15.161593280919039,sideways,106564.49296875,100220.70203125,1,0.0,0.0,301.3435932522401,27.114559993412893,93.49884759926421,0.28999886832430083,22.48055214970904,1,1.0,1.0
248,2025-06-06,104390.34375,105376.7734375,101169.5703125,101574.3671875,48856653697,2.7707252931573167,0.0,0.0,4207.203125,2718.093191964286,205.44921875,742.4860491071429,7.5585789095600475,27.316430919374408,56.65332312945194,18.71231401393561,sideways,106624.455859375,100610.59390625,1,0.0,277.0725293157317,0.0,46.90545494453659,65.44837031210457,0.7166787304383269,41.74798217808257,0,0.0,0.0
249,2025-06-07,105615.625,105972.7578125,103987.3125,104390.6484375,38365033776,1.1737496074678777,595.984375,0.0,1985.4453125,2677.1082589285716,248.01953125,742.4860491071429,9.264456542719794,27.734629207871464,49.920619092206934,22.060851590095925,sideways,106582.93671875,101033.8903125,1,0.0,117.37496074678776,0.0,51.938184945387675,65.44837031210456,0.7935749155816918,44.24542898584862,0,0.0,0.0
250,2025-06-08,105793.6484375,106497.0625,105075.328125,105617.5078125,36626232328,0.16855786016509722,524.3046875,0.0,1421.734375,2590.80859375,285.46986607142856,727.3493303571429,11.0185625738655,28.074221002345816,43.62866203996534,25.057121763580803,trending,106592.31015625,101448.495,1,0.0,16.85578601650972,0.0,44.89716264724877,65.44837031210456,0.6859935920962897,40.687793554621734,0,0.0,0.0
251,2025-06-09,110294.1015625,110561.421875,105400.234375,105793.0234375,55903193732,4.253991795791734,4064.359375,0.0,5161.1875,2842.2332589285716,499.81138392857144,727.3493303571429,17.585164143670035,25.590768388634284,18.54182127733881,24.477094399601594,sideways,106767.4609375,101950.8909375,1,0.0,425.3991795791734,0.0,72.62983592313842,65.44837031210456,1.1097271876562778,52.60050655597264,0,0.0,0.0
252,2025-06-10,110257.234375,110380.125,108367.7109375,110295.6875,54700101509,-0.03342625487465778,0.0,0.0,2012.4140625,2762.0731026785716,499.81138392857144,646.9146205357143,18.095516134017963,23.42134318995239,12.828106804455421,24.13817075528495,sideways,106796.41875,102405.6575,1,0.0,0.0,3.342625487465778,72.62983592313842,62.7780005485604,1.1569313340420482,53.637837968350205,0,0.0,0.0
253,2025-06-11,108686.625,110384.21875,108086.328125,110261.796875,50842662052,-1.4244955298426398,0.0,281.3828125,2297.890625,2748.6824776785716,499.81138392857144,610.1116071428571,18.18367119474245,22.196510950152863,9.937646494538411,23.998512521869475,sideways,106647.0859375,102710.5521875,1,0.0,0.0,142.449552984264,72.62983592313842,65.13926529519036,1.114993170309846,52.71852344310406,0,0.0,0.0
254,2025-06-12,105929.0546875,108780.6953125,105785.6875,108685.9140625,54843867968,-2.5371753999169577,0.0,2300.640625,2995.0078125,2710.0652901785716,499.81138392857144,671.6908482142857,18.442780169906456,24.7850430263998,14.671714621603432,24.321559932163872,sideways,106579.148828125,102955.15109375,1,0.0,0.0,253.7175399916958,72.62983592313842,68.94625859499467,1.0534267907092953,51.300917835274774,0,0.0,0.0
255,2025-06-13,106090.96875,106182.546875,102822.0234375,105924.59375,69550440846,0.15285141831733462,0.0,2963.6640625,3360.5234375,2762.734375,499.81138392857144,762.7661830357143,18.09118489462352,27.609103138469994,20.826823316636748,25.66344393450202,trending,106494.139453125,103198.09453125,1,0.0,15.285141831733462,0.0,73.72163176826223,57.83601789617906,1.274666452669672,56.03751051824123,0,0.0,0.0
256,2025-06-14,105472.40625,106203.7578125,104379.3671875,106108.0859375,38007870453,-0.5830491579897124,21.2109375,0.0,1824.390625,2765.120535714286,501.32645089285717,723.50390625,18.130365183641246,26.165365918238514,18.139447153760354,26.78582652524253,trending,106315.990234375,103413.13265625,1,0.0,0.0,58.30491579897124,69.32924008456385,62.00065473896272,1.1182017411986405,52.79014361332157,0,0.0,0.0
257,2025-06-15,105552.0234375,106157.1015625,104519.8828125,105464.84375,36744307742,0.0754862720314664,0.0,0.0,1637.21875,2735.09375,432.9375,723.50390625,15.82898209613473,26.452618168938454,25.12590821114073,27.539293665500946,trending,106121.573046875,103631.23453125,1,0.0,7.548627203146641,0.0,62.94655762096646,62.00065473896272,1.0152563369852496,50.37852100264506,0,0.0,0.0
258,2025-06-16,106796.7578125,108915.375,104997.625,105555.59375,50366626945,1.1792615001237072,2758.2734375,0.0,3917.75,2855.5926339285716,629.95703125,716.4034598214286,22.06046561982263,25.08773314896246,6.420749059758486,27.328319688500592,trending,106011.67890625,103892.0728125,1,0.0,117.92615001237073,0.0,69.81874105038953,62.00065473896272,1.1260968346921945,52.96545370452165,0,0.0,0.0
259,2025-06-17,104601.1171875,107750.1953125,103396.53125,106794.1171875,55964092176,-2.0559056941174436,0.0,1601.09375,4353.6640625,3031.3733258928573,568.8666294642857,830.7672991071429,18.765970677555273,27.405641265331436,18.712083516735888,28.29851083194207,trending,105851.618359375,104084.52015625,1,0.0,0.0,205.59056941174435,69.81874105038953,73.65628202076765,0.9478993391317783,48.662644936995456,0,0.0,0.0
260,2025-06-18,104883.328125,105581.8515625,103602.265625,104602.0703125,47318089133,0.2697972498650669,0.0,0.0,1979.5859375,3046.7014508928573,568.8666294642857,781.6143973214286,18.671558031968484,25.654446617746906,15.753480695949118,26.75388617134679,trending,105813.696875,104296.4909375,1,0.0,26.979724986506692,0.0,71.74586426371143,68.91062835188437,1.0411436665088765,51.007858172454064,0,0.0,0.0
261,2025-06-19,104684.2890625,105250.890625,103940.7734375,104886.7734375,37333806920,-0.1897718789613423,0.0,0.0,1310.1171875,2747.438058035714,568.8666294642857,510.484375,20.705348672027856,18.5803779454439,5.409014697055157,22.612100007899773,sideways,105847.9828125,104506.03046875,1,0.0,0.0,18.97718789613423,71.74586426371143,48.74159939787681,1.4719636850250073,59.546331280757315,0,0.0,0.0
262,2025-06-20,103309.6015625,106539.3828125,102372.2109375,104681.03125,50951862476,-1.3131746055793259,0.0,1568.5625,4167.171875,2744.578683035714,568.8666294642857,622.5245535714286,20.726920054449874,22.68197145956365,4.503804029371801,18.887134357894045,sideways,105781.558203125,104642.37578125,1,0.0,0.0,131.31746055793258,51.95496931258774,58.121418009157715,0.8939040218255105,47.19901386364276,0,0.0,0.0
263,2025-06-21,102257.40625,104015.78125,100973.0625,103315.078125,38360555118,-1.0184874363913243,0.0,1399.1484375,3042.71875,2820.098214285714,526.2963169642857,722.4637276785714,18.662339995757492,25.618388892230833,15.708975599903127,16.4434455370152,sideways,105611.8234375,104749.3225,1,0.0,0.0,101.84874363913244,43.57104354496004,65.39632826909575,0.6662613131072429,39.985403721868764,0,0.0,0.0
264,2025-06-22,100987.140625,103351.6328125,98286.203125,102212.03125,65536997201,-1.2422235919953284,0.0,2686.859375,5065.4296875,3080.3621651785716,488.84598214285717,914.3822544642857,15.869756734092281,29.684245080035193,30.325520911005192,15.493221170660904,sideways,105367.10390625,104851.229375,1,0.0,0.0,124.22235919953283,42.367058829495065,74.26935392620523,0.570451425652516,36.324041376542155,0,0.0,0.0
265,2025-06-23,105577.7734375,106116.859375,99705.75,100987.4765625,65237759656,4.545759771084712,2765.2265625,0.0,6411.109375,3169.6422991071427,396.05078125,914.3822544642857,12.49512543928265,28.848121276077688,39.55421292716079,16.994106288505332,sideways,105374.369140625,105076.4653125,1,0.0,454.5759771084712,0.0,44.451115795873484,74.26935392620523,0.5985122186472843,37.44182945024754,0,0.0,0.0
266,2025-06-24,106045.6328125,106316.828125,104740.2421875,105571.515625,48822986421,0.4431419225533917,199.96875,0.0,1576.5859375,3138.51171875,410.33426339285717,914.3822544642857,13.074166999009462,29.134262873756732,38.04949846075557,18.795634263955346,sideways,105440.0515625,105302.416875,1,0.0,44.314192255339165,0.0,47.61641524268342,74.03059496281482,0.6431991430921351,39.143103609570865,0,0.0,0.0
267,2025-06-25,107361.2578125,108168.3984375,105881.390625,106047.40625,51624120283,1.2406215749838134,1851.5703125,0.0,2287.0078125,3137.734375,542.5892857142857,894.2834821428571,17.292390650954502,28.500930138258024,24.476363133603325,19.834114023888553,sideways,105729.316796875,105513.5925,1,0.0,124.06215749838134,0.0,56.47799792113923,63.855626892510244,0.8844639175841158,46.934510622946775,0,0.0,0.0
268,2025-06-26,106960.0,108305.546875,106666.3515625,107375.0703125,43891990613,-0.3737454466123835,137.1484375,0.0,1639.1953125,3040.890625,552.3856026785714,729.9520089285714,18.165257182789055,24.004546659042415,13.847087119862103,19.775212059478456,sideways,105857.799609375,105712.14609375,1,0.0,0.0,37.37454466123835,56.47799792113923,48.402555797477575,1.1668391676970598,53.849828131784655,0,0.0,0.0
269,2025-06-27,107088.4296875,107772.46875,106449.9921875,106954.921875,45353692675,0.12007263229245613,0.0,216.359375,1322.4765625,2895.315848214286,552.3856026785714,533.7159598214286,19.078595622624754,18.43377330147255,1.7189592117121189,18.410364623412413,sideways,105931.43984375,105789.08546875,1,0.0,12.007263229245613,0.0,56.243863735247245,48.402555797477575,1.1620019399508301,53.746572492772934,0,0.0,0.0
270,2025-06-28,107327.703125,107567.8828125,106883.9765625,107090.546875,30037708335,0.22343537784448309,0.0,0.0,683.90625,2813.8526785714284,550.8705357142857,533.7159598214286,19.577092287360205,18.96744502247332,1.5816696928707217,17.227666233348867,sideways,106008.142578125,105876.2225,1,0.0,22.34353778444831,0.0,57.839830719850696,44.23791895469391,1.3074717818233523,56.66252528514974,0,0.0,0.0
271,2025-06-29,108385.5703125,108526.3046875,107230.109375,107327.8203125,35534874438,0.9856422495764683,958.421875,0.0,1296.1953125,2789.4938616071427,619.3292410714286,533.7159598214286,22.202208421946747,19.133075256667986,7.424971821027106,15.963313634055035,sideways,105912.716015625,105950.00734375,0,-1.0,98.56422495764683,0.0,64.34094484517213,44.23791895469391,1.4544297373270803,59.25733848510903,0,0.0,0.0
272,2025-06-30,107135.3359375,108798.7890625,106759.6484375,108383.4375,42064804590,-1.1535062936840146,0.0,470.4609375,2039.140625,2655.3074776785716,422.30970982142856,567.3203125,15.904361862854277,21.365522346059347,14.65301167181774,16.55133239205927,sideways,105756.62109375,106010.586875,0,0.0,0.0,115.35062936840146,55.91764841571709,52.477249623865454,1.065559815282069,51.586974504369806,0,0.0,0.0
273,2025-07-01,105698.28125,107550.6796875,105270.2265625,107144.3828125,44110692247,-1.3413452013053329,0.0,1489.421875,2280.453125,2507.2209821428573,422.30970982142856,559.34375,16.843737063036674,22.309311942736826,13.959512779947742,16.21186305371726,sideways,105607.20390625,106068.2934375,0,0.0,0.0,134.13452013053328,55.91764841571709,47.373246103778946,1.1803634543687425,54.13608689889185,0,0.0,0.0
274,2025-07-02,108859.3203125,109763.65625,105157.3984375,105703.1015625,56248657737,2.990624847553991,2212.9765625,0.0,4606.2578125,2694.840401785714,580.3794642857143,559.34375,21.536691519881124,20.756099308491716,1.8456862176750324,15.218449162411966,sideways,105753.7171875,106162.08359375,0,0.0,299.0624847553991,0.0,75.35213125635225,47.373246103778946,1.5906051928820948,61.39898110497177,0,0.0,0.0
275,2025-07-03,109647.9765625,110541.4609375,108605.796875,108845.015625,50494742270,0.7244728772290987,777.8046875,0.0,1935.6640625,2739.5223214285716,635.9369419642857,559.34375,23.213424361976553,20.417564975645845,6.407966972043601,15.289802896339712,sideways,105931.567578125,106284.25484375,0,0.0,72.44728772290986,0.0,80.52693752227438,46.0177326826265,1.7499110196856016,63.63518699909314,0,0.0,0.0
276,2025-07-04,108034.3359375,109751.984375,107296.3828125,109635.65625,42616442656,-1.4716556343200904,0.0,1309.4140625,2455.6015625,2617.2672991071427,635.9369419642857,540.8331473214286,24.29774529262754,20.66403945466055,8.081765122071047,15.545371545818229,sideways,106059.6640625,106370.04875,0,0.0,0.0,147.16556343200904,80.52693752227438,47.14974003077481,1.7078978053688982,63.070984509928,0,0.0,0.0
277,2025-07-05,108231.1796875,108381.34375,107842.2734375,108015.8359375,30615537520,0.18220480395592098,0.0,0.0,539.0703125,2438.4352678571427,635.9369419642857,440.8939732142857,26.079713919292875,18.08102019463228,18.11268287349049,15.717064922503042,sideways,106193.621875,106464.8865625,0,0.0,18.220480395592098,0.0,81.82840040767383,39.874829770836776,2.0521316549298625,67.2360136108552,0,0.0,0.0
278,2025-07-06,109232.0703125,109731.625,107847.015625,108231.1875,36746020463,0.9247710575546852,1350.28125,0.0,1884.609375,2211.233816964286,732.3856026785714,248.97544642857142,33.121128894638304,11.25957121849646,49.25915458839679,17.069467328031013,sideways,106315.3875,106585.70625,0,0.0,92.47710575546853,0.0,88.43390796163587,31.001804113727296,2.8525406985098067,74.04310354497207,-1,-1.0,-1.0
279,2025-07-07,108299.8515625,109710.25,107527.0546875,109235.328125,45415696597,-0.8534295352390808,0.0,319.9609375,2183.1953125,1909.239955357143,534.8694196428571,271.82979910714283,28.01478243434332,14.237592207538643,32.606901608669034,16.573230805281604,sideways,106500.32421875,106622.783125,0,0.0,0.0,85.34295352390808,55.96419531103077,37.09772936543502,1.5085612049122918,60.13651179641186,0,0.0,0.0
280,2025-07-08,108950.2734375,109198.96875,107499.5546875,108298.2265625,44282204127,0.6005750382996888,0.0,27.5,1699.4140625,1918.013392857143,520.5859375,273.79408482142856,27.14193443271614,14.274878676085514,31.067227994652725,16.074497200559968,sideways,106703.671484375,106689.665,1,1.0,60.05750382996888,0.0,57.088717566361474,37.09772936543502,1.5388736330464636,60.61245479161274,0,0.0,0.0
281,2025-07-09,111326.5546875,111925.375,108357.6796875,108950.2734375,57927418065,2.1810695604753683,2726.40625,0.0,3567.6953125,2009.4910714285713,583.07421875,273.79408482142856,29.016014404855532,13.625046098203613,36.094243729111156,16.904345814524817,sideways,107035.784765625,106780.374375,1,0.0,218.1069560475368,0.0,63.80620317701543,37.09772936543502,1.7199490175931207,63.23460500429163,0,0.0,0.0
282,2025-07-10,115987.203125,116608.78125,110660.75,111329.1953125,95911605728,4.1864660687494615,4683.40625,0.0,5948.03125,2317.265066964286,907.8069196428571,273.79408482142856,39.17579100400984,11.815397760261853,53.657100190844666,19.74791817673785,sideways,107669.66484375,106906.556875,1,0.0,418.64660687494614,0.0,93.70953223951157,34.42811903248942,2.7218893995073903,73.13192594781685,-1,-1.0,-1.0
283,2025-07-11,117516.9921875,118856.4765625,115245.6875,115986.234375,86928361085,1.3189291760499877,2247.6953125,0.0,3610.7890625,2480.7159598214284,1068.3565848214287,258.33984375,43.06646154275289,10.413922751905716,61.05516858469615,23.986218846236714,sideways,108432.644140625,107023.43109375,1,0.0,131.8929176049988,0.0,102.2727932663511,34.42811903248942,2.970618091852112,74.81500419161326,-1,0.0,0.0
284,2025-07-12,117435.2265625,118219.8984375,116977.0234375,117530.7109375,45524560304,-0.06957770402219454,0.0,0.0,1242.875,2520.6422991071427,1068.3565848214287,258.33984375,42.384299636638644,10.24896883788345,61.05516858469614,28.23432590993853,trending,109255.0484375,107226.3796875,1,0.0,0.0,6.957770402219454,100.67682628174764,34.92510263264795,2.8826494038026116,74.24439098156495,-1,0.0,0.0
285,2025-07-13,119116.1171875,119449.5703125,117265.4375,117432.203125,49021091807,1.4313342548076147,1229.671875,0.0,2184.1328125,2584.06640625,1087.7315848214287,258.33984375,42.09379380462385,9.99741504804836,61.615730299814274,32.10509437270905,trending,109931.965625,107452.87890625,1,0.0,143.13342548076147,0.0,103.86034060482726,34.92510263264795,2.9738020156235336,74.8351831302021,-1,0.0,0.0
286,2025-07-14,119849.703125,123091.609375,118959.1953125,119115.7890625,181746419401,0.6158578325259345,3642.0390625,0.0,4132.4140625,2733.5859375,1347.877232142857,224.73549107142858,49.30802480552551,8.221270382922746,71.41883850308822,36.15979628922836,trending,110622.169140625,107669.16515625,1,0.0,61.58578325259345,0.0,108.25932512286965,26.685771963476416,4.056818190271549,80.22471913418148,-1,0.0,0.0
287,2025-07-15,117777.1875,119935.5625,115765.6875,119853.8515625,98321661181,-1.729262210051885,0.0,3193.5078125,4169.875,2868.5446428571427,1347.877232142857,346.45591517857144,46.988190875786316,12.077759223349323,59.10415661450244,39.38441370598226,trending,111142.965625,107835.9015625,1,0.0,0.0,172.9262210051885,108.25932512286965,29.456607740237505,3.6752135913799817,78.61060290713199,-1,0.0,0.0
288,2025-07-16,118738.5078125,120065.515625,117064.8203125,117777.1875,72162029070,0.816219450392297,129.953125,0.0,3000.6953125,2753.8616071428573,1199.08984375,346.45591517857144,43.54212428975545,12.580730791988524,55.16717467896294,43.193091453217114,trending,111731.891015625,108030.77890625,1,0.0,81.6219450392297,0.0,92.72785800028612,29.456607740237505,3.1479476122303303,75.8916916633307,-1,0.0,0.0
289,2025-07-17,119289.84375,120999.609375,117508.21875,118738.5078125,72363841798,0.4643278306736054,934.09375,0.0,3491.390625,2864.984933035714,1210.2533482142858,346.45591517857144,42.24292191763506,12.092765696030018,55.488680728542896,46.6988567215385,trending,112341.96171875,108260.52921875,1,0.0,46.43278306736054,0.0,90.86967909631832,29.456607740237505,3.084865708151147,75.51939105355288,-1,0.0,0.0
290,2025-07-18,118003.2265625,120851.9140625,116925.984375,119284.109375,77945799785,-1.078563897020779,0.0,582.234375,3925.9296875,2970.008370535714,1210.2533482142858,294.51450892857144,40.74915613776492,9.916285484254326,60.85582137728886,50.46843216833977,trending,112875.737890625,108507.75859375,1,0.0,0.0,107.85638970207789,90.86967909631832,26.648809616670995,3.4098963669833853,77.32373015640601,-1,0.0,0.0
291,2025-07-19,117939.9765625,118541.3984375,117388.4140625,117998.125,47564562765,-0.053600229283989886,0.0,0.0,1152.984375,3013.859375,1210.2533482142858,294.51450892857144,40.15626469679879,9.77200566727077,60.85582137728886,53.52151349003965,trending,113353.458203125,108786.58671875,1,0.0,0.0,5.360022928398989,89.56821621091888,27.031668397270924,3.3134549778644646,76.81672800268598,-1,0.0,0.0
292,2025-07-20,117300.7890625,118865.03125,116550.1328125,117944.109375,57515447231,-0.541960002562214,0.0,838.28125,2314.8984375,3044.594308035714,1113.8046875,354.39174107142856,36.58302469265914,11.6400316500648,51.72420608375193,53.697588596850736,trending,113861.730859375,109039.840625,1,0.0,0.0,54.196000256221396,82.96270865695683,30.902811272715308,2.6846330557053952,72.86025542077873,-1,0.0,0.0
293,2025-07-21,117439.5390625,119671.5625,116584.3984375,117306.46875,69820091744,0.11828564931994912,806.53125,0.0,3087.1640625,3109.163504464286,1171.4140625,331.53738839285717,37.67618077396147,10.663234272395773,55.88182330228949,55.36008300353791,trending,114448.79375,109275.589375,1,0.0,11.828564931994912,0.0,83.80760615209932,24.80688602100759,3.3784009037300073,77.16061132848549,-1,0.0,0.0
294,2025-07-22,119995.4140625,120269.96875,116233.2265625,117426.5,79217583118,2.176332622218302,598.40625,0.0,4036.7421875,3276.1155133928573,1214.1573660714287,329.57310267857144,37.06088387628328,10.059874303310332,57.30172988741544,57.233975995878104,trending,115005.5984375,109557.86703125,1,0.0,217.63326222183022,0.0,95.06301746580371,24.80688602100759,3.832122152909481,79.30515892695536,-1,0.0,0.0
295,2025-07-23,118754.9609375,120113.3515625,117391.390625,119997.4453125,66608604537,-1.0337504434577038,0.0,0.0,2721.9609375,3215.7059151785716,1019.4140625,329.57310267857144,31.701097345009888,10.248857058816894,51.13769631233751,58.30850832325142,trending,115460.94765625,109824.316875,1,0.0,0.0,103.37504434577039,79.48394917669394,32.19081775999119,2.4691497360928083,71.17449300051638,-1,0.0,0.0
296,2025-07-24,118368.0,119535.453125,117247.96875,118770.984375,72627318560,-0.32584822936673197,0.0,143.421875,2287.484375,2954.23828125,684.8850446428571,339.81752232142856,23.183134853735222,11.502712035051035,33.674895862094125,56.88120801405495,trending,115977.630859375,110097.0371875,1,0.0,0.0,32.5848229366732,49.5806201141978,34.5183051126107,1.436357316862708,58.955117417354124,0,0.0,0.0
297,2025-07-25,117635.8828125,118486.9765625,114759.8203125,118368.0,104857024569,-0.6185093838706357,0.0,2488.1484375,3727.15625,2962.550223214286,524.3353794642857,517.5424107142857,17.6987844916734,17.46948985569488,0.6519928550195631,52.56669546193519,trending,116447.866015625,110418.23578125,1,0.0,0.0,61.85093838706357,40.15969742812645,38.936229283115246,1.0314223582390338,50.773407807381645,0,0.0,0.0
298,2025-07-26,117947.3671875,118335.6875,117181.2265625,117644.84375,48508954046,0.2647868724685587,0.0,0.0,1154.4609375,2956.234933035714,524.3353794642857,517.5424107142857,17.736593719425855,17.506809250198156,0.651992855019557,48.25218290981543,trending,116883.630859375,110689.37625,1,0.0,26.47868724685587,0.0,42.0510322314733,38.43924568295671,1.0939609111559125,52.24361664669385,0,0.0,0.0
299,2025-07-27,119448.4921875,119815.59375,117859.6875,117944.7265625,54683390892,1.2727075099638885,1479.90625,0.0,1955.90625,2939.933035714286,542.2092633928571,517.5424107142857,18.442912025753742,17.603884320737382,2.3276068612350693,44.017316949916925,trending,117441.062890625,110966.03359375,1,0.0,127.27075099638884,0.0,40.917984054018106,38.43924568295671,1.0644845736960034,51.56175964009646,0,0.0,0.0
300,2025-07-28,117924.4765625,119819.7890625,117441.4375,119457.5234375,64822943193,-1.2758768211219684,0.0,418.25,2378.3515625,2814.6428571428573,282.06361607142856,547.4174107142857,10.021293300342595,19.44891194010912,31.990339269255863,41.200995576071755,trending,117889.773046875,111208.65015625,1,0.0,0.0,127.58768211219684,36.518999535975716,47.55265154811362,0.767969783956756,43.43794735213304,0,0.0,0.0
301,2025-07-29,117922.1484375,119273.8671875,116987.3671875,117938.5859375,68463107433,-0.0019742508661990676,0.0,454.0703125,2286.5,2680.1160714285716,282.06361607142856,351.74330357142856,10.524305983549485,13.124181721873718,10.993835084549676,37.76454403821799,trending,118219.552734375,111361.21109375,1,0.0,0.0,0.19742508661990676,36.518999535975716,35.21488041107302,1.0370331834065416,50.9089980396051,0,0.0,0.0
302,2025-07-30,117831.1875,118780.7265625,115800.828125,117921.9921875,68896148592,-0.07713643170961237,0.0,1186.5390625,2979.8984375,2678.6305803571427,272.78125,436.49609375,10.1836084453135,16.295494307834034,23.081922070769647,35.472740280489894,trending,118311.751953125,111512.69015625,1,0.0,0.0,7.713643170961237,30.688860604602173,35.76585492328453,0.8580491273150835,46.18010980985099,0,0.0,0.0
303,2025-07-31,115758.203125,118919.984375,115505.21875,117833.6328125,69370346018,-1.7592832754910526,0.0,295.609375,3414.765625,2673.1573660714284,206.06026785714286,457.61104910714283,7.708497467172188,17.11874710091105,37.90291591937772,34.21661422269238,trending,118223.8125,111654.12171875,1,0.0,0.0,175.92832754910526,27.372233242647845,48.33216403393491,0.5663357681114649,36.156728310833216,0,0.0,0.0
304,2025-08-01,113320.0859375,116060.7734375,112724.4453125,115738.953125,91294530181,-2.1062154747402473,0.0,2780.7734375,3336.328125,2631.04296875,206.06026785714286,614.6495535714286,7.831885313337981,23.361441104226685,49.78486610566855,33.42583170329093,trending,118018.05546875,111801.94234375,1,0.0,0.0,210.62154747402474,27.372233242647845,55.67253244621683,0.49166495648623754,32.96081699501758,0,0.0,0.0
305,2025-08-02,112526.9140625,114021.6015625,112005.765625,113320.390625,56870866000,-0.6999393518263508,0.0,718.6796875,2015.8359375,2692.675223214286,206.06026785714286,665.9838169642857,7.652622421027283,24.733165411953806,52.74085990748082,32.846191598304635,trending,117688.5953125,111930.66125,1,0.0,0.0,69.99393518263508,27.372233242647845,60.28924046437654,0.45401522778880316,31.224929361933007,0,0.0,0.0
306,2025-08-03,114217.671875,114747.421875,111943.8046875,112525.8046875,48099615826,1.5025363723748075,725.8203125,0.0,2803.6171875,2727.5837053571427,257.90457589285717,606.1065848214286,9.455422958654456,22.221374311299698,40.30063785758388,32.030222439292636,trending,117406.99375,112105.5665625,1,0.0,150.25363723748075,0.0,38.1046359024679,56.418097588932156,0.6753973907468849,40.312668175148325,0,0.0,0.0
307,2025-08-04,115071.8828125,115729.46875,114130.40625,114223.921875,35783028986,0.7478798363486527,982.046875,0.0,1599.0625,2621.2907366071427,270.44140625,606.1065848214286,10.31710837997485,23.122447897784138,38.29398755008677,30.773948456992446,trending,117271.728515625,112295.96375,1,0.0,74.78798363486527,0.0,42.601737238387216,56.418097588932156,0.7551076526682571,43.02343799369122,0,0.0,0.0
308,2025-08-05,114141.4453125,115117.4375,112701.109375,115072.1875,61039182286,-0.8085706753543476,0.0,1429.296875,2416.328125,2505.546875,227.69810267857142,708.19921875,9.087760638226792,28.265255214991736,51.34122142138226,30.348197852275785,trending,117041.875390625,112442.8575,1,0.0,0.0,80.85706753543475,27.0565042225422,62.193602412891785,0.43503677505154126,30.31537467295334,0,0.0,0.0
309,2025-08-06,115028.0,115737.8359375,113372.25,114140.9140625,56379133510,0.7767158415357134,620.3984375,0.0,2365.5859375,2480.0915178571427,272.0122767857143,708.19921875,10.967832228253387,28.555366350428095,44.49926816313216,29.874024413046833,trending,116828.783203125,112651.39515625,1,0.0,77.67158415357133,0.0,32.60447451922586,54.80967067390818,0.5948671852674902,37.298854146762025,0,0.0,0.0
310,2025-08-07,117496.8984375,117676.90625,114279.7109375,115030.0546875,64051649681,2.1463456180234486,1939.0703125,0.0,3397.1953125,2559.3565848214284,410.51729910714283,697.9547991071429,16.039863360258785,27.270713399080364,25.930963933422678,29.320886418141725,trending,116803.466796875,112903.6665625,1,0.0,214.63456180234485,0.0,47.93551464796479,52.48218332128867,0.9133673870713456,47.73612183645356,0,0.0,0.0
311,2025-08-08,116688.7265625,117689.203125,115917.4609375,117505.5,59713005166,-0.68782400705657,12.296875,0.0,1771.7421875,2419.684151785714,411.39564732142856,520.2299107142857,17.002039171840703,21.49990982626219,11.68218952927061,30.108757609159657,trending,116740.904296875,113143.7553125,1,0.0,0.0,68.782400705657,47.93551464796479,52.97728777261677,0.9048314223579788,47.501916008813716,0,0.0,0.0
312,2025-08-09,116500.359375,117906.609375,116363.8359375,116678.2734375,54004312429,-0.16142706587778388,217.40625,0.0,1542.7734375,2447.4207589285716,426.92466517857144,520.2299107142857,17.4438605875628,21.256251456412066,9.8511106751248,30.76583745345289,trending,116700.8828125,113407.57046875,1,0.0,0.0,16.142706587778388,46.04417984461793,54.130338243172375,0.8506168876642042,45.96396441285201,0,0.0,0.0
313,2025-08-10,119306.7578125,119320.7109375,116485.1640625,116497.71875,64755458694,2.408918266480664,1414.1015625,0.0,2835.546875,2510.2522321428573,422.22433035714283,520.2299107142857,16.819996211962902,20.72420866926968,10.398974940759489,31.342363744847493,trending,116794.24375,113748.5575,1,0.0,240.8918266480664,0.0,54.1599709625949,54.130338243172375,1.0005474327407562,50.013682073511404,0,0.0,0.0
314,2025-08-11,118731.4453125,122321.09375,118159.03125,119306.8125,90528784177,-0.4822128356753663,3000.3828125,0.0,4162.0625,2637.66015625,636.5373883928571,490.3549107142857,24.132653590136176,18.59052651466027,12.97217824581767,29.98392367174477,trending,116731.0453125,114103.44359375,1,0.0,0.0,48.22128356753663,54.1599709625949,48.46130977569664,1.1175919762233941,52.77654943784574,0,0.0,0.0
315,2025-08-12,120172.90625,120302.46875,118228.71875,118717.6640625,72803657984,1.2140515376580119,0.0,0.0,2073.75,2622.4637276785716,636.5373883928571,457.9213169642857,24.27249542766129,17.46149287523766,16.320037526704635,30.36436670332726,trending,116801.942578125,114395.34625,1,0.0,121.40515376580119,0.0,62.83176766015213,48.447207983795224,1.2969120466378228,56.46328724411623,0,0.0,0.0
316,2025-08-13,123344.0625,123682.453125,118939.6328125,120168.9765625,90904808795,2.6388279596092357,3379.984375,0.0,4742.8203125,2748.38671875,877.96484375,373.1685267857143,31.944734624147404,13.577729954809122,40.34712276502867,31.597595324345765,trending,117050.745703125,114741.31484375,1,0.0,263.88279596092354,0.0,81.68053880021809,47.8962334715837,1.7053645533250175,63.03640488040867,0,0.0,0.0
317,2025-08-14,118359.578125,124457.1171875,117254.8828125,123339.3984375,104055627395,-4.041122267235197,0.0,1684.75,7202.234375,3018.9202008928573,877.96484375,472.39285714285717,29.08208184801766,15.647742428009364,30.03441135182021,31.035559283805945,trending,117086.93046875,114961.28125,1,0.0,0.0,404.1122267235197,81.68053880021809,64.1950834126133,1.272379977687967,55.993275340445045,0,0.0,0.0
318,2025-08-15,117398.3515625,119332.3125,116864.5703125,118365.78125,68665353159,-0.8121240187970669,0.0,390.3125,2467.7421875,2956.878348214286,877.96484375,301.64564732142856,29.69228829722465,10.201489943054236,48.856737100151285,30.969264354840423,trending,117059.4796875,115170.04828125,1,0.0,0.0,81.21240187970669,81.68053880021809,54.951573013019164,1.486409475136704,59.78136304580244,0,0.0,0.0
319,2025-08-16,117491.3515625,117996.0625,117271.953125,117398.421875,48036922378,0.07921746665282559,0.0,0.0,724.109375,2864.6121651785716,877.96484375,250.31138392857142,30.648646068822032,8.738054909187602,55.62941453732705,31.175589685543724,trending,116961.62265625,115378.10671875,1,0.0,7.9217466652825586,0.0,82.24637784773827,49.952006214259505,1.646507999998204,62.21435945023863,0,0.0,0.0
320,2025-08-17,117453.0625,118595.7734375,117279.5234375,117492.7890625,45852169525,-0.032588834829794244,599.7109375,0.0,1316.25,2758.371651785714,868.95703125,250.31138392857142,31.50253631295314,9.074606888688292,55.27232243239239,32.24499572660148,trending,116938.051953125,115580.61390625,1,0.0,0.0,3.2588834829794244,71.51397518791823,50.1847836059009,1.4250131224937548,58.76310974467416,0,0.0,0.0
321,2025-08-18,116252.3125,117614.171875,114723.6796875,117453.90625,72787808090,-1.022323279139703,0.0,2555.84375,2890.4921875,2850.616629464286,798.8108258928571,432.8716517857143,28.022387073598775,15.185193523096213,29.71051230645508,31.631890352056356,trending,116854.56015625,115737.94875,1,0.0,0.0,102.2323279139703,66.17197635685642,57.48709274261306,1.1510753666588809,53.51162420900054,0,0.0,0.0
322,2025-08-19,112831.1796875,116764.5,112730.3984375,116241.859375,71657600353,-2.9428514056440758,0.0,1993.28125,4034.1015625,2966.171875,798.8108258928571,473.15625,26.930699216236654,15.951747570258382,25.602437520976235,29.79340578774164,trending,116604.559765625,115851.865625,1,0.0,0.0,294.2851405644076,66.17197635685642,72.7319551018254,0.9098060991790341,47.638663399919565,0,0.0,0.0
323,2025-08-20,114274.7421875,114625.796875,112387.9609375,112828.0234375,67993811526,1.2794003430595335,0.0,342.4375,2237.8359375,2957.046875,754.4966517857143,497.61607142857144,25.515207694694197,16.828142821664652,20.515771111861824,28.080298855508044,trending,116530.38671875,116023.39484375,1,0.0,127.94003430595336,0.0,69.76257993916941,72.7319551018254,0.9591737200175791,48.958074019539865,0,0.0,0.0
324,2025-08-21,112419.03125,114802.6484375,111986.234375,114275.6875,57817883700,-1.623902974513114,0.0,401.7265625,2816.4140625,2915.5625,615.9916294642857,526.3108258928571,21.127711358075352,18.051776488854454,7.850880749738885,26.788864342387775,trending,116485.333984375,116094.5890625,1,0.0,0.0,162.3902974513114,54.4315398104305,84.33126206263337,0.6454491309522185,39.22631935626586,0,0.0,0.0
325,2025-08-22,116874.0859375,117377.3984375,111678.9453125,112433.734375,82528088240,3.962900798880531,2574.75,0.0,5698.453125,3196.0418526785716,799.0239955357143,526.3108258928571,25.000423410164675,16.467582408276698,20.576926315789485,27.424202684281983,trending,116702.692578125,116239.11125,1,0.0,396.29007988805307,0.0,82.73797408814858,79.41823344080072,1.0418007364747346,51.023624287326534,0,0.0,0.0
326,2025-08-23,115374.328125,116996.25,114536.109375,116866.3671875,55377142586,-1.2832252765613172,0.0,0.0,2460.140625,3261.5680803571427,783.4949776785714,526.3108258928571,24.022033524217544,16.13674198808157,19.635288764521732,28.12307254781033,trending,116760.525390625,116385.91109375,1,0.0,0.0,128.3225276561317,82.73797408814858,87.43107780282597,0.9463222479624321,48.62104664081804,0,0.0,0.0
327,2025-08-24,113458.4296875,115615.0859375,111060.546875,115387.390625,73961489632,-1.6605933647771742,0.0,3475.5625,4554.5390625,3384.3532366071427,682.4877232142857,774.5652901785714,20.165971915463775,22.886656209535712,6.319438353850713,27.831677077316847,trending,116679.852734375,116490.45609375,1,0.0,0.0,166.0593364777174,65.53141504185812,99.29245897980579,0.659983806576751,39.75844848377056,0,0.0,0.0
328,2025-08-25,110124.3515625,113637.84375,109324.28125,113456.8984375,85706860190,-2.9385900493979156,0.0,1736.265625,4313.5625,3395.1746651785716,468.17466517857144,898.5842633928571,13.789413251113178,26.466510621938667,31.49125930087473,29.154468581249493,trending,116478.998046875,116508.30171875,0,-1.0,0.0,293.85900493979153,65.53141504185812,116.8380105063954,0.5608741090149862,35.933334134739056,0,0.0,-1.0
329,2025-08-26,111802.65625,112397.015625,108762.0390625,110124.1015625,69396320317,1.5240086898922645,0.0,562.2421875,3634.9765625,3506.690848214286,468.17466517857144,938.7444196428571,13.350896484558378,26.77009352338244,33.44682430859286,30.377810494241512,trending,116317.730859375,116578.3578125,0,0.0,152.40086898922644,0.0,67.74539470067421,116.8380105063954,0.5798232476490689,36.70177967768879,0,0.0,0.0
330,2025-08-27,111222.0625,112619.4140625,110398.265625,111795.7109375,62137056409,-0.5193022862549412,222.3984375,0.0,2221.1484375,3326.5714285714284,242.6328125,938.7444196428571,7.293780329382462,28.219578018981363,58.92373648340976,31.704711474125872,trending,116003.9890625,116623.79359375,0,0.0,0.0,51.930228625494124,48.89662356060824,120.54731255107356,0.4056218469399033,28.85711031192058,1,1.0,0.0
331,2025-08-28,112544.8046875,113450.078125,110900.921875,111219.0546875,58860155962,1.189280397942638,830.6640625,0.0,2549.15625,2994.2087053571427,301.96595982142856,818.4051339285714,10.085000396971685,27.332935491915013,46.09536759633512,32.85192263444837,trending,115796.79296875,116648.15859375,0,0.0,118.92803979426381,0.0,57.391483545912806,91.68215349939359,0.6259831532675812,38.49874778896715,0,0.0,0.0
332,2025-08-29,108410.8359375,112619.0546875,107559.625,112550.5234375,77843379644,-3.6731759955323295,0.0,3341.296875,5059.4296875,3179.3292410714284,301.96595982142856,1029.189732142857,9.49778827309079,32.37128507634591,54.631007981366885,33.2643705545352,trending,115392.316796875,116496.63125,0,0.0,0.0,367.317599553233,57.391483545912806,112.1182390475026,0.5118835617958377,33.85734025627045,0,0.0,0.0
333,2025-08-30,108808.0703125,108929.3515625,107444.4453125,108409.40625,51486264208,0.3664157476186425,0.0,115.1796875,1484.90625,3233.671875,301.96595982142856,1037.4168526785713,9.338175655853412,32.0816982297739,54.90968571445237,33.212961352901296,trending,114867.382421875,116322.4528125,0,0.0,36.64157476186425,0.0,59.442899838525776,112.1182390475026,0.530180462550262,34.64823107639482,0,0.0,0.0
334,2025-08-31,108236.7109375,109491.0,108104.65625,108818.4609375,47986191770,-0.525107534173741,561.6484375,0.0,1386.34375,3238.6785714285716,299.24720982142856,1037.4168526785713,9.239793428757318,32.03210290241831,55.22476915228226,33.20956469003628,trending,114342.645703125,116138.4825,0,0.0,0.0,52.510753417374104,59.442899838525776,115.63622975710223,0.5140508296006154,33.95201928169179,0,0.0,0.0
335,2025-09-01,109250.59375,109890.5859375,107271.1796875,108228.75,66870372995,0.9367272930950854,0.0,833.4765625,2619.40625,3219.3152901785716,299.24720982142856,914.390625,9.295368202498416,28.403264128543306,50.68591284228396,34.707807585452635,trending,113796.530078125,115941.17203125,0,0.0,93.67272930950854,0.0,66.13380907491924,108.33392062039006,0.6104626205365254,37.90604095692391,0,0.0,0.0
336,2025-09-02,111200.5859375,111748.015625,108454.03125,109243.0703125,74776999491,1.7848801737061493,1857.4296875,0.0,3293.984375,3166.449776785714,431.92075892857144,772.0133928571429,13.640537174949834,24.381040195774688,28.248441447078733,34.896807865888526,trending,113189.35625,115768.1896875,0,0.0,178.48801737061493,0.0,78.88295317282031,87.31355343721809,0.9034445405951813,47.46366502029455,0,0.0,0.0
337,2025-09-03,111723.2109375,112600.2265625,110582.9609375,111190.6953125,61119643565,0.4699840343410866,852.2109375,0.0,2017.265625,3150.694754464286,492.79296875,747.5535714285714,15.64077154893381,23.72662633755133,20.539469771237794,34.898500627272526,trending,112857.537890625,115647.11015625,0,0.0,46.99840343410866,0.0,73.10140811054569,87.31355343721809,0.8372286458723559,45.57019333186053,0,0.0,0.0
338,2025-09-04,110723.6015625,112208.328125,109347.2265625,111718.1484375,60131132901,-0.8947195185422974,0.0,1235.734375,2861.1015625,3153.88671875,492.79296875,807.1255580357143,15.624941942915177,25.591456828088216,24.180945406090874,36.06493381701195,trending,112523.800390625,115486.81203125,0,0.0,0.0,89.47195185422973,73.10140811054569,82.10510018028369,0.8903394301941294,47.09944764272814,0,0.0,0.0
339,2025-09-05,110650.984375,113357.4921875,110233.3984375,110723.015625,60241647677,-0.06558419928113235,1149.1640625,0.0,3124.09375,2970.00390625,390.9654017857143,807.1255580357143,13.16380092844244,27.17590897228182,34.735272212723096,37.07624423822149,trending,112181.78203125,115314.03484375,0,0.0,0.0,6.558419928113235,44.794973832827615,82.57355874657749,0.5424856880676017,35.16957675939399,0,0.0,0.0
340,2025-09-06,110224.6953125,111275.015625,110024.0859375,110650.5703125,21500719036,-0.38525555367432407,0.0,209.3125,1250.9296875,2883.6316964285716,390.9654017857143,822.0764508928571,13.5580907322503,28.508371991853647,35.5396681619177,38.212271338035485,trending,111820.363671875,115158.46421875,0,0.0,0.0,38.5255553674324,44.794973832827615,76.15948929738467,0.5881732433618864,37.0345770412821,0,0.0,0.0
341,2025-09-07,111167.6171875,111591.078125,110211.625,110221.328125,24618007520,0.8554542812086785,316.0625,0.0,1379.453125,2656.83984375,413.54129464285717,573.8219866071429,15.565157064912267,21.597914076643065,16.233203625049804,38.92039742883543,trending,111566.12890625,115023.01703125,0,0.0,85.54542812086785,0.0,50.90536155574675,64.29810812040486,0.7917085439033633,44.18735103972717,0,0.0,0.0
342,2025-09-08,112071.4296875,112869.234375,110630.609375,111163.015625,40212813407,0.8130177859939192,1278.15625,0.0,2238.625,2508.6300223214284,504.83816964285717,449.80301339285717,20.124058356588254,17.930225238101066,5.765009642155893,37.082808167498364,trending,111528.14140625,114918.42984375,0,0.0,81.30177859939192,0.0,56.71263145570332,43.30817919613404,1.3095131799206612,56.7008316430412,0,0.0,0.0
343,2025-09-09,111530.546875,113225.4375,110776.703125,112077.578125,45984480722,-0.4826232823193166,356.203125,0.0,2448.734375,2423.8984375,530.28125,409.64285714285717,21.877205818364658,16.900165898261037,12.8349078335542,35.61052841928132,trending,111390.931640625,114800.25,0,0.0,0.0,48.26232823193166,45.82685509933,46.75548835555772,0.9801385187303397,49.498482528323436,0,0.0,0.0
344,2025-09-10,113955.359375,114275.25,110940.078125,111531.25,56377473784,2.174124101370767,1049.8125,0.0,3335.171875,2503.4715401785716,589.3822544642857,409.64285714285717,23.542598547864667,16.362992371530517,17.991479416596412,32.686795771651795,trending,111467.748046875,114679.44890625,0,0.0,217.41241013707668,0.0,61.35631296626405,43.046186310879584,1.4253600196576932,58.76900782172799,0,0.0,0.0
345,2025-09-11,115507.5390625,115522.546875,113453.8359375,113961.4296875,45685065332,1.3620945043858246,1247.296875,0.0,2068.7109375,2469.1540178571427,619.1417410714286,409.64285714285717,25.075055528887226,16.590413322955285,20.363726701605895,30.848821422028276,trending,111399.420703125,114614.50046875,0,0.0,136.20945043858245,0.0,62.59069944085824,43.046186310879584,1.4540358811075194,59.2507995625274,0,0.0,0.0
346,2025-09-12,116101.578125,116769.3828125,114794.484375,115507.7890625,54785725894,0.5142859655061782,1246.8359375,0.0,1974.8984375,2248.8303571428573,708.2014508928571,170.97879464285714,31.491990876209453,7.603009898002533,61.10495077407615,31.3112459072218,trending,111435.783203125,114569.17203125,0,0.0,51.428596550617826,0.0,66.26417062304522,16.80921491422008,3.942133583347058,79.76582414992615,-1,-1.0,0.0
347,2025-09-13,115950.5078125,116334.6328125,115248.2734375,116093.5625,34549454947,-0.13011908618274504,0.0,0.0,1086.359375,2220.362723214286,708.2014508928571,162.75167410714286,31.895754846200823,7.329958857872422,62.62676614033783,31.862465937642185,trending,111560.387109375,114535.46453125,0,0.0,0.0,13.011908618274504,63.64691528291206,17.738636958382546,3.588038665667328,78.20419414764129,-1,0.0,0.0
348,2025-09-14,115407.65625,116181.5,115222.3984375,115950.2890625,32798036057,-0.46817523505617853,0.0,25.875,959.1015625,2189.8454241071427,668.0837053571429,164.59988839285714,30.508258619648377,7.516507173558555,60.465201997897026,32.23678256947181,trending,111824.55234375,114484.6703125,0,0.0,0.0,46.81752350561786,63.64691528291206,17.331977678971384,3.6722246278988613,78.59691946254502,-1,0.0,0.0
349,2025-09-15,115444.875,116747.8828125,114461.0625,115399.6328125,52937859416,0.03224981011604733,0.0,761.3359375,2286.8203125,2166.089285714286,668.0837053571429,159.44698660714286,30.842851666515532,7.361053288925895,61.464393247175366,33.006674026964056,trending,112006.66328125,114404.59796875,0,0.0,3.224981011604733,0.0,57.18636183306179,17.331977678971384,3.299471237055948,76.74132597094085,-1,0.0,0.0
350,2025-09-16,116843.1875,117005.2734375,114813.09375,115423.7578125,45781744593,1.2112382641498831,257.390625,0.0,2192.1796875,2087.3889508928573,553.7952008928571,159.44698660714286,26.530522768934723,7.638585350322047,55.28952453975731,34.93817996215538,trending,112287.71953125,114382.9721875,0,0.0,121.12382641498832,0.0,53.08891962194561,17.331977678971384,3.0630618504867773,75.38801926236505,-1,0.0,0.0
351,2025-09-17,116468.5078125,117328.609375,114794.9765625,116840.5078125,60528025996,-0.32066883445814875,323.3359375,0.0,2533.6328125,2124.2723214285716,516.0184151785714,159.44698660714286,24.291537858552402,7.50595792256592,52.78899964806012,37.241717810499836,trending,112483.9046875,114353.899375,0,0.0,0.0,32.066883445814874,49.73189080522356,19.622469353672447,2.5344359014588536,71.70694198790687,-1,0.0,0.0
352,2025-09-18,117137.203125,117911.7890625,116188.796875,116461.265625,49457272032,0.5741425944741474,583.1796875,0.0,1722.9921875,2042.978794642857,557.6741071428571,71.18024553571429,27.297106979534107,3.4841402036264233,77.36192960022433,41.040359538652226,trending,112920.223046875,114340.0196875,0,0.0,57.414259447414736,0.0,53.83290933718175,13.231615649798895,4.068506126687556,80.27032078081882,-1,0.0,0.0
353,2025-09-19,115688.859375,117479.7578125,115141.8203125,117137.671875,38828473971,-1.2364506846338497,0.0,1046.9765625,2337.9375,1986.8247767857142,475.59095982142856,145.96428571428572,23.93723721277725,7.346610904985129,53.032562507463,42.34730884541936,trending,113264.2625,114338.6328125,0,0.0,0.0,123.64506846338497,53.83290933718175,21.59494768803259,2.4928474064799278,71.37006334302492,-1,0.0,0.0
354,2025-09-20,115721.9609375,116191.1484375,115473.5234375,115691.125,22864449614,0.028612575730124767,0.0,0.0,717.625,1948.7315848214287,475.59095982142856,131.01339285714286,24.405154795343925,6.723008642011015,56.8043347270327,43.86621360007043,trending,113638.525,114386.6703125,0,0.0,2.8612575730124767,0.0,54.037284878111215,18.843122304644563,2.8677458015963624,74.14514677807257,-1,0.0,0.0
355,2025-09-21,115306.09375,115901.0859375,115252.578125,115730.2265625,22495852193,-0.3593675600818802,0.0,220.9453125,648.5078125,1896.521205357143,453.0150669642857,146.79520089285714,23.886633362424035,7.7402351462352055,51.052788270100294,46.35332678900261,trending,113941.3,114442.25390625,0,0.0,0.0,35.93675600818802,47.92689715519208,21.410033448086562,2.2385250948533835,69.12174614335441,0,0.0,0.0
356,2025-09-22,112748.5078125,115431.3125,112037.6484375,115309.21875,70684158591,-2.218083931492132,0.0,3214.9296875,3393.6640625,1979.0239955357142,361.7181919642857,376.4330357142857,18.277605161951055,19.021145603259185,1.993472773360697,46.08393129837439,trending,114018.69609375,114412.870625,0,0.0,0.0,221.8083931492132,42.119627255235514,37.25349010160179,1.1306223159323399,53.06535595153523,0,0.0,0.0
357,2025-09-23,112014.5,113351.9140625,111535.5703125,112757.4765625,47211853279,-0.651013327573835,0.0,502.078125,1816.34375,1933.853236607143,336.27511160714283,412.29575892857144,17.388864120687984,21.319909449381253,10.155437556236265,45.892540564280246,trending,114033.260546875,114351.72296875,0,0.0,0.0,65.1013327573835,42.119627255235514,38.45627613913406,1.0952601625505163,52.27322993710142,0,0.0,0.0
358,2025-09-24,113328.6328125,113986.2734375,111229.640625,112007.6640625,48044595085,1.1731809832655538,634.359375,0.0,2756.6328125,1892.529017857143,306.59988839285717,412.29575892857144,16.200538300861115,21.785439221185747,14.702533104704713,45.65761582771655,trending,114163.512109375,114335.46671875,0,0.0,117.31809832655537,0.0,34.970033554484,38.45627613913406,0.9093452893869155,47.62602628458592,0,0.0,0.0
359,2025-09-25,109049.2890625,113541.0859375,108713.3984375,113330.1640625,75528654284,-3.776048156409062,0.0,2516.2421875,4827.6875,2089.5987723214284,217.50725446428572,592.02734375,10.409043944003049,28.332106220195108,46.263629758610755,47.507608903216905,trending,114083.42734375,114215.8925,0,0.0,0.0,377.6048156409062,25.240787094585247,65.42804868491308,0.38577930416569906,27.838437405294883,1,1.0,0.0
360,2025-09-26,109712.828125,110359.1953125,108728.9765625,109041.296875,57738288949,0.608476284627324,0.0,0.0,1630.21875,2064.9787946428573,128.44754464285714,592.02734375,6.220283955268045,28.66989943363522,64.34364425125727,47.73894415158697,trending,114057.833984375,114060.21109375,0,0.0,60.847628462732395,0.0,25.913575088307713,65.42804868491308,0.3960621722512576,28.369952293211767,1,0.0,0.0
361,2025-09-27,109681.9453125,109778.5,109144.296875,109707.140625,26308042910,-0.028148770775293652,0.0,0.0,634.203125,2032.681919642857,128.44754464285714,592.02734375,6.319116798432753,29.125429710813748,64.34364425125727,47.86157830236693,trending,113983.550390625,113920.07546875,1,1.0,0.0,2.8148770775293652,25.913575088307713,64.69968928914558,0.4005208583382662,28.59799309333306,1,0.0,1.0
362,2025-09-28,112122.640625,112375.484375,109236.9453125,109681.9453125,33371048505,2.225248016477188,2596.984375,0.0,3138.5390625,2188.356026785714,313.94642857142856,590.1791294642857,14.346222677146239,26.969063636831912,30.552471217935146,45.724954675226805,trending,113986.1109375,113832.52109375,1,0.0,222.52480164771882,0.0,41.808203777430485,61.355580467315725,0.6814083325265226,40.526047084744896,0,0.0,0.0
363,2025-09-29,114400.3828125,114473.5703125,111589.953125,112117.875,60000147466,2.031473906432546,2098.0859375,0.0,2883.6171875,2230.984375,463.80970982142856,535.7979910714286,20.78946473219601,24.01621441528153,7.201653327170203,41.849044680940715,trending,114129.602734375,113734.39359375,1,0.0,203.1473906432546,0.0,56.0883758939769,61.355580467315725,0.9141528034903903,47.75756678481806,0,0.0,0.0
364,2025-09-30,114056.0859375,114836.6171875,112740.5625,114396.5234375,58986330258,-0.3009577997342028,363.046875,0.0,2096.0546875,2224.1183035714284,471.35658482142856,535.7979910714286,21.19296370451774,24.090354825598027,6.398363050961846,38.356818860312465,trending,114134.6390625,113640.88640625,1,0.0,0.0,30.095779973420278,47.43667400719203,63.50527903684574,0.7469721372245178,42.75810250822096,0,0.0,0.0
